업체명,위도,경도,url
베스티호텔,35.12819599,128.8539747,https://cdn.pixabay.com/photo/2018/06/14/21/15/bedroom-3475656_1280.jpg
에어포트호텔,35.16569198,128.9545073,https://cdn.pixabay.com/photo/2018/06/14/21/15/bedroom-3475656_1280.jpg
W모텔,35.10080432,128.9289018,https://cdn.pixabay.com/photo/2018/06/14/21/15/bedroom-3475656_1280.jpg
비엠텔모텔,35.0989412,128.9280046,https://cdn.pixabay.com/photo/2018/06/14/21/15/bedroom-3475656_1280.jpg
마틴호텔,35.10112933,128.9285519,https://cdn.pixabay.com/photo/2018/06/14/21/15/bedroom-3475656_1280.jpg
JK호텔,35.10020443,128.9285144,https://cdn.pixabay.com/photo/2018/06/14/21/15/bedroom-3475656_1280.jpg
모텔 제타,35.10393706,128.9294126,https://cdn.pixabay.com/photo/2018/06/14/21/15/bedroom-3475656_1280.jpg
모텔 마르,35.10393697,128.9294125,https://cdn.pixabay.com/photo/2018/06/14/21/15/bedroom-3475656_1280.jpg
헤리티지디자인호텔,35.10036501,128.928637,https://cdn.pixabay.com/photo/2018/06/14/21/15/bedroom-3475656_1280.jpg
디자인팝 모텔,35.0990703,128.9279906,https://cdn.pixabay.com/photo/2018/06/14/21/15/bedroom-3475656_1280.jpg
씨사이드모텔,35.09830653,128.9277224,https://cdn.pixabay.com/photo/2018/06/14/21/15/bedroom-3475656_1280.jpg
브라운도트호텔 명지점,35.09919408,128.92803,https://cdn.pixabay.com/photo/2018/06/14/21/15/bedroom-3475656_1280.jpg
넘버25호텔,35.09402639,128.9081885,https://cdn.pixabay.com/photo/2018/06/14/21/15/bedroom-3475656_1280.jpg
더포인트호텔,35.09340432,128.908121,https://cdn.pixabay.com/photo/2018/06/14/21/15/bedroom-3475656_1280.jpg
호텔오유,35.09218239,128.9017599,https://cdn.pixabay.com/photo/2018/06/14/21/15/bedroom-3475656_1280.jpg
오이아호텔명지,35.093931,128.9001002,https://cdn.pixabay.com/photo/2018/06/14/21/15/bedroom-3475656_1280.jpg
씨엘오션호텔,35.09073409,128.9020713,https://cdn.pixabay.com/photo/2018/06/14/21/15/bedroom-3475656_1280.jpg
넘버25호텔 명지오션시티점 비즈니스,35.08047764,128.9029945,https://cdn.pixabay.com/photo/2018/06/14/21/15/bedroom-3475656_1280.jpg
오션시티호텔,35.08091563,128.9029961,https://cdn.pixabay.com/photo/2018/06/14/21/15/bedroom-3475656_1280.jpg
사이버모텔,35.08268928,128.9042159,https://cdn.pixabay.com/photo/2018/06/14/21/15/bedroom-3475656_1280.jpg
호텔프렌치코드,35.08361971,128.9042136,https://cdn.pixabay.com/photo/2018/06/14/21/15/bedroom-3475656_1280.jpg
레전드호텔,35.15964789,128.8639555,https://cdn.pixabay.com/photo/2018/06/14/21/15/bedroom-3475656_1280.jpg
베스트루이스해밀턴호텔 서부산점,35.1468498,128.8788042,https://cdn.pixabay.com/photo/2018/06/14/21/15/bedroom-3475656_1280.jpg
벨라지오모텔,35.086613,128.8811579,https://cdn.pixabay.com/photo/2018/06/14/21/15/bedroom-3475656_1280.jpg
IW모텔,35.08660413,128.8802745,https://cdn.pixabay.com/photo/2018/06/14/21/15/bedroom-3475656_1280.jpg
호텔더메이,35.08661568,128.8793305,https://cdn.pixabay.com/photo/2018/06/14/21/15/bedroom-3475656_1280.jpg
2월호텔,35.0866038,128.8789326,https://cdn.pixabay.com/photo/2018/06/14/21/15/bedroom-3475656_1280.jpg
S모텔,35.08661107,128.878301,https://cdn.pixabay.com/photo/2018/06/14/21/15/bedroom-3475656_1280.jpg
블랑비즈니스호텔,35.0869795,128.8813332,https://cdn.pixabay.com/photo/2018/06/14/21/15/bedroom-3475656_1280.jpg
까르페호텔,35.08661741,128.8807388,https://cdn.pixabay.com/photo/2018/06/14/21/15/bedroom-3475656_1280.jpg
호텔에그,35.0866149,128.8786857,https://cdn.pixabay.com/photo/2018/06/14/21/15/bedroom-3475656_1280.jpg
2월호텔 강서신관,35.08700356,128.8810578,https://cdn.pixabay.com/photo/2018/06/14/21/15/bedroom-3475656_1280.jpg
브라운도트호텔,35.08331539,128.8707373,https://cdn.pixabay.com/photo/2018/06/14/21/15/bedroom-3475656_1280.jpg
더브레인호텔,35.08173773,128.8722958,https://cdn.pixabay.com/photo/2018/06/14/21/15/bedroom-3475656_1280.jpg
호텔더원,35.08289233,128.8709693,https://cdn.pixabay.com/photo/2018/06/14/21/15/bedroom-3475656_1280.jpg
V호텔,35.08639646,128.8807192,https://cdn.pixabay.com/photo/2018/06/14/21/15/bedroom-3475656_1280.jpg
비지니스호텔,35.08639259,128.8811301,https://cdn.pixabay.com/photo/2018/06/14/21/15/bedroom-3475656_1280.jpg
펀모텔,35.08638903,128.8801047,https://cdn.pixabay.com/photo/2018/06/14/21/15/bedroom-3475656_1280.jpg
이그니스호텔,35.08637727,128.8793003,https://cdn.pixabay.com/photo/2018/06/14/21/15/bedroom-3475656_1280.jpg
굿프라임호텔,35.14997988,128.8309512,https://cdn.pixabay.com/photo/2018/06/14/21/15/bedroom-3475656_1280.jpg
헤르몬호텔,35.15009789,128.8322324,https://cdn.pixabay.com/photo/2018/06/14/21/15/bedroom-3475656_1280.jpg
호텔G&G,35.24486672,129.0919301,https://cdn.pixabay.com/photo/2018/06/14/21/15/bedroom-3475656_1280.jpg
카카오호텔,35.24438044,129.0914817,https://cdn.pixabay.com/photo/2018/06/14/21/15/bedroom-3475656_1280.jpg
호텔캔들,35.2449448,129.0904558,https://cdn.pixabay.com/photo/2018/06/14/21/15/bedroom-3475656_1280.jpg
제니스호텔,35.2449823,129.0907235,https://cdn.pixabay.com/photo/2018/06/14/21/15/bedroom-3475656_1280.jpg
쇼모텔,35.24602969,129.0917448,https://cdn.pixabay.com/photo/2018/06/14/21/15/bedroom-3475656_1280.jpg
호텔야자,35.24743924,129.0916896,https://cdn.pixabay.com/photo/2018/06/14/21/15/bedroom-3475656_1280.jpg
브라운도트 호텔 구서역점,35.24796884,129.0918741,https://cdn.pixabay.com/photo/2018/06/14/21/15/bedroom-3475656_1280.jpg
티에스호텔,35.25682316,129.0909085,https://cdn.pixabay.com/photo/2018/06/14/21/15/bedroom-3475656_1280.jpg
호텔시카고,35.25719867,129.0908739,https://cdn.pixabay.com/photo/2018/06/14/21/15/bedroom-3475656_1280.jpg
드림모텔,35.22077248,129.1125727,https://cdn.pixabay.com/photo/2018/06/14/21/15/bedroom-3475656_1280.jpg
V1모텔,35.21633713,129.1106617,https://cdn.pixabay.com/photo/2018/06/14/21/15/bedroom-3475656_1280.jpg
이데아호텔,35.2250157,129.0912549,https://cdn.pixabay.com/photo/2018/06/14/21/15/bedroom-3475656_1280.jpg
라찌모텔,35.24258278,129.0911854,https://cdn.pixabay.com/photo/2018/06/14/21/15/bedroom-3475656_1280.jpg
이화모텔,35.21541627,129.1087541,https://cdn.pixabay.com/photo/2018/06/14/21/15/bedroom-3475656_1280.jpg
젠모텔,35.21513983,129.1065015,https://cdn.pixabay.com/photo/2018/06/14/21/15/bedroom-3475656_1280.jpg
부림모텔,35.21442326,129.1075125,https://cdn.pixabay.com/photo/2018/06/14/21/15/bedroom-3475656_1280.jpg
헤이브호텔,35.21481219,129.1080432,https://cdn.pixabay.com/photo/2018/06/14/21/15/bedroom-3475656_1280.jpg
호텔 블랑,35.21500571,129.107687,https://cdn.pixabay.com/photo/2018/06/14/21/15/bedroom-3475656_1280.jpg
베니스모텔,35.21391911,129.105935,https://cdn.pixabay.com/photo/2018/06/14/21/15/bedroom-3475656_1280.jpg
쉐르빌모텔,35.21376459,129.1061925,https://cdn.pixabay.com/photo/2018/06/14/21/15/bedroom-3475656_1280.jpg
진영모텔,35.2140373,129.1060647,https://cdn.pixabay.com/photo/2018/06/14/21/15/bedroom-3475656_1280.jpg
아마존모텔,35.21331442,129.1068925,https://cdn.pixabay.com/photo/2018/06/14/21/15/bedroom-3475656_1280.jpg
그랜드모텔,35.21380844,129.1070393,https://cdn.pixabay.com/photo/2018/06/14/21/15/bedroom-3475656_1280.jpg
몽블랑모텔,35.21396675,129.1075696,https://cdn.pixabay.com/photo/2018/06/14/21/15/bedroom-3475656_1280.jpg
마모텔,35.21399983,129.1071283,https://cdn.pixabay.com/photo/2018/06/14/21/15/bedroom-3475656_1280.jpg
빙고모텔,35.21528673,129.1056637,https://cdn.pixabay.com/photo/2018/06/14/21/15/bedroom-3475656_1280.jpg
목화모텔,35.25771326,129.0906073,https://cdn.pixabay.com/photo/2018/06/14/21/15/bedroom-3475656_1280.jpg
새온천모텔찜질방,35.2240551,129.0815247,https://cdn.pixabay.com/photo/2018/06/14/21/15/bedroom-3475656_1280.jpg
웁스모텔,35.2242952,129.0851221,https://cdn.pixabay.com/photo/2018/06/14/21/15/bedroom-3475656_1280.jpg
올레모텔,35.22357183,129.0842698,https://cdn.pixabay.com/photo/2018/06/14/21/15/bedroom-3475656_1280.jpg
로망스모텔,35.22272369,129.0861081,https://cdn.pixabay.com/photo/2018/06/14/21/15/bedroom-3475656_1280.jpg
맥스모텔,35.22261418,129.0848461,https://cdn.pixabay.com/photo/2018/06/14/21/15/bedroom-3475656_1280.jpg
모텔델루나,35.22440026,129.082447,https://cdn.pixabay.com/photo/2018/06/14/21/15/bedroom-3475656_1280.jpg
아라모텔,35.22245892,129.0848261,https://cdn.pixabay.com/photo/2018/06/14/21/15/bedroom-3475656_1280.jpg
유성장모텔,35.27569492,129.0890979,https://cdn.pixabay.com/photo/2018/06/14/21/15/bedroom-3475656_1280.jpg
범어장모텔,35.27393827,129.0918193,https://cdn.pixabay.com/photo/2018/06/14/21/15/bedroom-3475656_1280.jpg
에스모텔,35.2775317,129.0891817,https://cdn.pixabay.com/photo/2018/06/14/21/15/bedroom-3475656_1280.jpg
니즈호텔,35.2744981,129.0899731,https://cdn.pixabay.com/photo/2018/06/14/21/15/bedroom-3475656_1280.jpg
타샤모텔,35.23486816,129.2152805,https://cdn.pixabay.com/photo/2018/06/14/21/15/bedroom-3475656_1280.jpg
본레브연화리330풀빌라앤호텔,35.21559526,129.2229761,https://cdn.pixabay.com/photo/2018/06/14/21/15/bedroom-3475656_1280.jpg
MVG모텔,35.21392038,129.2220218,https://cdn.pixabay.com/photo/2018/06/14/21/15/bedroom-3475656_1280.jpg
연화리관광호텔,35.21559526,129.2229761,https://cdn.pixabay.com/photo/2018/06/14/21/15/bedroom-3475656_1280.jpg
호텔오즈,35.22075941,129.2271744,https://cdn.pixabay.com/photo/2018/06/14/21/15/bedroom-3475656_1280.jpg
지앤지모텔,35.21419613,129.222202,https://cdn.pixabay.com/photo/2018/06/14/21/15/bedroom-3475656_1280.jpg
꿈의궁전모텔,35.22228138,129.2270277,https://cdn.pixabay.com/photo/2018/06/14/21/15/bedroom-3475656_1280.jpg
오즈모텔,35.2207852,129.2271806,https://cdn.pixabay.com/photo/2018/06/14/21/15/bedroom-3475656_1280.jpg
팰리스모텔,35.23391641,129.2188739,https://cdn.pixabay.com/photo/2018/06/14/21/15/bedroom-3475656_1280.jpg
더원모텔,35.22715554,129.2270725,https://cdn.pixabay.com/photo/2018/06/14/21/15/bedroom-3475656_1280.jpg
TOC모텔,35.25135363,129.2082617,https://cdn.pixabay.com/photo/2018/06/14/21/15/bedroom-3475656_1280.jpg
모텔헤이데이,35.24929092,129.2097105,https://cdn.pixabay.com/photo/2018/06/14/21/15/bedroom-3475656_1280.jpg
베스트루이스해밀턴호텔 기장점,35.24951122,129.2096433,https://cdn.pixabay.com/photo/2018/06/14/21/15/bedroom-3475656_1280.jpg
베스트루이스해밀턴호텔,35.24946788,129.2095269,https://cdn.pixabay.com/photo/2018/06/14/21/15/bedroom-3475656_1280.jpg
초콜릿모텔,35.21643343,129.2251298,https://cdn.pixabay.com/photo/2018/06/14/21/15/bedroom-3475656_1280.jpg
루이스호텔,35.24167138,129.2157481,https://cdn.pixabay.com/photo/2018/06/14/21/15/bedroom-3475656_1280.jpg
기장루이스호텔,35.24173549,129.215798,https://cdn.pixabay.com/photo/2018/06/14/21/15/bedroom-3475656_1280.jpg
부띠끄호텔 오월로,35.25010344,129.2136728,https://cdn.pixabay.com/photo/2018/06/14/21/15/bedroom-3475656_1280.jpg
브룩스호텔,35.25067491,129.2135032,https://cdn.pixabay.com/photo/2018/06/14/21/15/bedroom-3475656_1280.jpg
2PM호텔,35.25074703,129.2137006,https://cdn.pixabay.com/photo/2018/06/14/21/15/bedroom-3475656_1280.jpg
큐모텔,35.25059418,129.2141236,https://cdn.pixabay.com/photo/2018/06/14/21/15/bedroom-3475656_1280.jpg
짱모텔,35.25112852,129.2137112,https://cdn.pixabay.com/photo/2018/06/14/21/15/bedroom-3475656_1280.jpg
힐모텔,35.25295621,129.2145426,https://cdn.pixabay.com/photo/2018/06/14/21/15/bedroom-3475656_1280.jpg
캐슬모텔,35.26491276,129.2337386,https://cdn.pixabay.com/photo/2018/06/14/21/15/bedroom-3475656_1280.jpg
쉼표모텔,35.26474117,129.2346141,https://cdn.pixabay.com/photo/2018/06/14/21/15/bedroom-3475656_1280.jpg
늘봄모텔,35.26582452,129.233977,https://cdn.pixabay.com/photo/2018/06/14/21/15/bedroom-3475656_1280.jpg
발리모텔,35.26206704,129.2315489,https://cdn.pixabay.com/photo/2018/06/14/21/15/bedroom-3475656_1280.jpg
동부산온천호텔,35.34336416,129.2531894,https://cdn.pixabay.com/photo/2018/06/14/21/15/bedroom-3475656_1280.jpg
호텔다온,35.3212147,129.1799899,https://cdn.pixabay.com/photo/2018/06/14/21/15/bedroom-3475656_1280.jpg
큐브모텔,35.3212428,129.179862,https://cdn.pixabay.com/photo/2018/06/14/21/15/bedroom-3475656_1280.jpg
파크모텔,35.32181376,129.1803163,https://cdn.pixabay.com/photo/2018/06/14/21/15/bedroom-3475656_1280.jpg
k2모텔,35.31610069,129.1821329,https://cdn.pixabay.com/photo/2018/06/14/21/15/bedroom-3475656_1280.jpg
호텔라움,35.3160994,129.1809748,https://cdn.pixabay.com/photo/2018/06/14/21/15/bedroom-3475656_1280.jpg
호텔썸,35.31610989,129.181374,https://cdn.pixabay.com/photo/2018/06/14/21/15/bedroom-3475656_1280.jpg
더원호텔,35.31639229,129.1842866,https://cdn.pixabay.com/photo/2018/06/14/21/15/bedroom-3475656_1280.jpg
호텔여기어때,35.31622426,129.1827183,https://cdn.pixabay.com/photo/2018/06/14/21/15/bedroom-3475656_1280.jpg
리베모텔,35.13574794,129.092109,https://cdn.pixabay.com/photo/2018/06/14/21/15/bedroom-3475656_1280.jpg
브이모텔,35.13528827,129.0862611,https://cdn.pixabay.com/photo/2018/06/14/21/15/bedroom-3475656_1280.jpg
호텔스미스,35.13521422,129.0849343,https://cdn.pixabay.com/photo/2018/06/14/21/15/bedroom-3475656_1280.jpg
보스코호텔,35.13535219,129.0873566,https://cdn.pixabay.com/photo/2018/06/14/21/15/bedroom-3475656_1280.jpg
호텔브라운도트 대연점,35.13453381,129.0892951,https://cdn.pixabay.com/photo/2018/06/14/21/15/bedroom-3475656_1280.jpg
호텔뮤리,35.13547057,129.0908831,https://cdn.pixabay.com/photo/2018/06/14/21/15/bedroom-3475656_1280.jpg
낙원모텔,35.13553131,129.0907202,https://cdn.pixabay.com/photo/2018/06/14/21/15/bedroom-3475656_1280.jpg
황금모텔,35.13461686,129.0904076,https://cdn.pixabay.com/photo/2018/06/14/21/15/bedroom-3475656_1280.jpg
뮤트호텔,35.13464742,129.0907994,https://cdn.pixabay.com/photo/2018/06/14/21/15/bedroom-3475656_1280.jpg
용궁모텔,35.12998202,129.0913517,https://cdn.pixabay.com/photo/2018/06/14/21/15/bedroom-3475656_1280.jpg
코리아호텔,35.13275907,129.0923112,https://cdn.pixabay.com/photo/2018/06/14/21/15/bedroom-3475656_1280.jpg
호텔더그랑,35.13477312,129.0937138,https://cdn.pixabay.com/photo/2018/06/14/21/15/bedroom-3475656_1280.jpg
꿈모텔,35.13476252,129.0938887,https://cdn.pixabay.com/photo/2018/06/14/21/15/bedroom-3475656_1280.jpg
유니콘모텔,35.1346684,129.0916322,https://cdn.pixabay.com/photo/2018/06/14/21/15/bedroom-3475656_1280.jpg
지앤지호텔,35.13460158,129.0900052,https://cdn.pixabay.com/photo/2018/06/14/21/15/bedroom-3475656_1280.jpg
제트호텔,35.13463791,129.0909951,https://cdn.pixabay.com/photo/2018/06/14/21/15/bedroom-3475656_1280.jpg
K모텔,35.13464223,129.0913184,https://cdn.pixabay.com/photo/2018/06/14/21/15/bedroom-3475656_1280.jpg
루이모텔,35.13445751,129.0878116,https://cdn.pixabay.com/photo/2018/06/14/21/15/bedroom-3475656_1280.jpg
웰킨호텔,35.1345972,129.0901742,https://cdn.pixabay.com/photo/2018/06/14/21/15/bedroom-3475656_1280.jpg
호텔온나,35.13441344,129.0915211,https://cdn.pixabay.com/photo/2018/06/14/21/15/bedroom-3475656_1280.jpg
T호텔,35.13756926,129.066685,https://cdn.pixabay.com/photo/2018/06/14/21/15/bedroom-3475656_1280.jpg
산해모텔,35.13744963,129.0697071,https://cdn.pixabay.com/photo/2018/06/14/21/15/bedroom-3475656_1280.jpg
블루모텔,35.13772539,129.0694948,https://cdn.pixabay.com/photo/2018/06/14/21/15/bedroom-3475656_1280.jpg
보브호텔,35.13756941,129.0669388,https://cdn.pixabay.com/photo/2018/06/14/21/15/bedroom-3475656_1280.jpg
엔터모텔,35.13748767,129.0671589,https://cdn.pixabay.com/photo/2018/06/14/21/15/bedroom-3475656_1280.jpg
용호서울모텔,35.12065547,129.1125603,https://cdn.pixabay.com/photo/2018/06/14/21/15/bedroom-3475656_1280.jpg
노블레스모텔,35.11830681,129.1111214,https://cdn.pixabay.com/photo/2018/06/14/21/15/bedroom-3475656_1280.jpg
가든장모텔,35.11370616,129.1108046,https://cdn.pixabay.com/photo/2018/06/14/21/15/bedroom-3475656_1280.jpg
서울모텔,35.12060939,129.112561,https://cdn.pixabay.com/photo/2018/06/14/21/15/bedroom-3475656_1280.jpg
황토방모텔,35.13872003,129.0609962,https://cdn.pixabay.com/photo/2018/06/14/21/15/bedroom-3475656_1280.jpg
수채화모텔,35.13872579,129.0616192,https://cdn.pixabay.com/photo/2018/06/14/21/15/bedroom-3475656_1280.jpg
틴토호텔,35.13830679,129.0607742,https://cdn.pixabay.com/photo/2018/06/14/21/15/bedroom-3475656_1280.jpg
허브모텔,35.13877091,129.0589071,https://cdn.pixabay.com/photo/2018/06/14/21/15/bedroom-3475656_1280.jpg
프린스호텔,35.13929949,129.0588743,https://cdn.pixabay.com/photo/2018/06/14/21/15/bedroom-3475656_1280.jpg
CC호텔,35.13749011,129.0606487,https://cdn.pixabay.com/photo/2018/06/14/21/15/bedroom-3475656_1280.jpg
U모텔,35.13766137,129.0610439,https://cdn.pixabay.com/photo/2018/06/14/21/15/bedroom-3475656_1280.jpg
산수모텔,35.13777822,129.0604073,https://cdn.pixabay.com/photo/2018/06/14/21/15/bedroom-3475656_1280.jpg
모텔369,35.13486904,129.0621177,https://cdn.pixabay.com/photo/2018/06/14/21/15/bedroom-3475656_1280.jpg
코리아시티관광호텔,35.1380428,129.0635292,https://cdn.pixabay.com/photo/2018/06/14/21/15/bedroom-3475656_1280.jpg
미진모텔,35.13975763,129.0610287,https://cdn.pixabay.com/photo/2018/06/14/21/15/bedroom-3475656_1280.jpg
청운모텔,35.13951918,129.0610059,https://cdn.pixabay.com/photo/2018/06/14/21/15/bedroom-3475656_1280.jpg
호텔라메르,35.14050523,129.0623238,https://cdn.pixabay.com/photo/2018/06/14/21/15/bedroom-3475656_1280.jpg
하운드호텔,35.14018498,129.061939,https://cdn.pixabay.com/photo/2018/06/14/21/15/bedroom-3475656_1280.jpg
라메르관광호텔,35.14048123,129.0622834,https://cdn.pixabay.com/photo/2018/06/14/21/15/bedroom-3475656_1280.jpg
라온호텔,35.14032664,129.061896,https://cdn.pixabay.com/photo/2018/06/14/21/15/bedroom-3475656_1280.jpg
나포리모텔,35.13843013,129.0602848,https://cdn.pixabay.com/photo/2018/06/14/21/15/bedroom-3475656_1280.jpg
리젠시모텔,35.13870614,129.0607582,https://cdn.pixabay.com/photo/2018/06/14/21/15/bedroom-3475656_1280.jpg
K7모텔,35.13855096,129.0605,https://cdn.pixabay.com/photo/2018/06/14/21/15/bedroom-3475656_1280.jpg
해동모텔,35.14012607,129.0602694,https://cdn.pixabay.com/photo/2018/06/14/21/15/bedroom-3475656_1280.jpg
리치모텔,35.1385407,129.0607998,https://cdn.pixabay.com/photo/2018/06/14/21/15/bedroom-3475656_1280.jpg
영모텔,35.13648271,129.0557433,https://cdn.pixabay.com/photo/2018/06/14/21/15/bedroom-3475656_1280.jpg
브라운도트 호텔 범일점,35.14027189,129.056931,https://cdn.pixabay.com/photo/2018/06/14/21/15/bedroom-3475656_1280.jpg
프린스모텔,35.1174461,129.0404349,https://cdn.pixabay.com/photo/2018/06/14/21/15/bedroom-3475656_1280.jpg
프라임관광호텔,35.13058708,129.0502138,https://cdn.pixabay.com/photo/2018/06/14/21/15/bedroom-3475656_1280.jpg
브라운도트 호텔 부산진역점,35.12952113,129.048421,https://cdn.pixabay.com/photo/2018/06/14/21/15/bedroom-3475656_1280.jpg
영빈관모텔,35.12952093,129.0479497,https://cdn.pixabay.com/photo/2018/06/14/21/15/bedroom-3475656_1280.jpg
본모텔,35.13210928,129.0514041,https://cdn.pixabay.com/photo/2018/06/14/21/15/bedroom-3475656_1280.jpg
베스트인시티호텔,35.12030724,129.0414928,https://cdn.pixabay.com/photo/2018/06/14/21/15/bedroom-3475656_1280.jpg
노떼라미아호텔,35.11184173,129.0397668,https://cdn.pixabay.com/photo/2018/06/14/21/15/bedroom-3475656_1280.jpg
씨앤씨모텔,35.11310246,129.0370603,https://cdn.pixabay.com/photo/2018/06/14/21/15/bedroom-3475656_1280.jpg
멕시멈호텔,35.11592723,129.0393263,https://cdn.pixabay.com/photo/2018/06/14/21/15/bedroom-3475656_1280.jpg
마리나레지던스호텔,35.11553521,129.0388643,https://cdn.pixabay.com/photo/2018/06/14/21/15/bedroom-3475656_1280.jpg
장춘모텔,35.11340772,129.0380368,https://cdn.pixabay.com/photo/2018/06/14/21/15/bedroom-3475656_1280.jpg
알프스모텔,35.1152711,129.0390936,https://cdn.pixabay.com/photo/2018/06/14/21/15/bedroom-3475656_1280.jpg
세느모텔,35.11271338,129.0375962,https://cdn.pixabay.com/photo/2018/06/14/21/15/bedroom-3475656_1280.jpg
테마모텔,35.11913921,129.041251,https://cdn.pixabay.com/photo/2018/06/14/21/15/bedroom-3475656_1280.jpg
미라벨모텔,35.11366132,129.0384222,https://cdn.pixabay.com/photo/2018/06/14/21/15/bedroom-3475656_1280.jpg
모나코모텔,35.1126008,129.040072,https://cdn.pixabay.com/photo/2018/06/14/21/15/bedroom-3475656_1280.jpg
부산역비즈니스호텔,35.11239691,129.0399828,https://cdn.pixabay.com/photo/2018/06/14/21/15/bedroom-3475656_1280.jpg
팝콘호텔,35.11269459,129.0395025,https://cdn.pixabay.com/photo/2018/06/14/21/15/bedroom-3475656_1280.jpg
오름 레지던스 호텔,35.1124026,129.0402156,https://cdn.pixabay.com/photo/2018/06/14/21/15/bedroom-3475656_1280.jpg
대원모텔,35.11663874,129.0379092,https://cdn.pixabay.com/photo/2018/06/14/21/15/bedroom-3475656_1280.jpg
동일장모텔,35.11546379,129.0378214,https://cdn.pixabay.com/photo/2018/06/14/21/15/bedroom-3475656_1280.jpg
탑모텔,35.11335134,129.0403744,https://cdn.pixabay.com/photo/2018/06/14/21/15/bedroom-3475656_1280.jpg
라마다앙코르부산역호텔,35.11430257,129.0403367,https://cdn.pixabay.com/photo/2018/06/14/21/15/bedroom-3475656_1280.jpg
코인모텔,35.11345391,129.0404196,https://cdn.pixabay.com/photo/2018/06/14/21/15/bedroom-3475656_1280.jpg
호텔코코,35.11399908,129.0403372,https://cdn.pixabay.com/photo/2018/06/14/21/15/bedroom-3475656_1280.jpg
아몬드호텔,35.11377512,129.0406566,https://cdn.pixabay.com/photo/2018/06/14/21/15/bedroom-3475656_1280.jpg
부산뷰호텔,35.11337896,129.0405489,https://cdn.pixabay.com/photo/2018/06/14/21/15/bedroom-3475656_1280.jpg
퀸모텔,35.1158758,129.0391947,https://cdn.pixabay.com/photo/2018/06/14/21/15/bedroom-3475656_1280.jpg
까무스모텔,35.11564503,129.0390421,https://cdn.pixabay.com/photo/2018/06/14/21/15/bedroom-3475656_1280.jpg
더웨이호텔,35.11626509,129.0393245,https://cdn.pixabay.com/photo/2018/06/14/21/15/bedroom-3475656_1280.jpg
호텔26,35.11667806,129.039755,https://cdn.pixabay.com/photo/2018/06/14/21/15/bedroom-3475656_1280.jpg
아리아모텔,35.11647811,129.0387307,https://cdn.pixabay.com/photo/2018/06/14/21/15/bedroom-3475656_1280.jpg
3.6.9 모텔,35.11660109,129.0413912,https://cdn.pixabay.com/photo/2018/06/14/21/15/bedroom-3475656_1280.jpg
369모텔,35.11659428,129.0413948,https://cdn.pixabay.com/photo/2018/06/14/21/15/bedroom-3475656_1280.jpg
부산인모텔,35.11652083,129.0415268,https://cdn.pixabay.com/photo/2018/06/14/21/15/bedroom-3475656_1280.jpg
아스티호텔,35.11617411,129.0417928,https://cdn.pixabay.com/photo/2018/06/14/21/15/bedroom-3475656_1280.jpg
광장관광호텔,35.11619244,129.0413443,https://cdn.pixabay.com/photo/2018/06/14/21/15/bedroom-3475656_1280.jpg
코리아나모텔,35.11724523,129.0399424,https://cdn.pixabay.com/photo/2018/06/14/21/15/bedroom-3475656_1280.jpg
은하모텔,35.11741119,129.0398661,https://cdn.pixabay.com/photo/2018/06/14/21/15/bedroom-3475656_1280.jpg
코리안모텔,35.11753814,129.0401639,https://cdn.pixabay.com/photo/2018/06/14/21/15/bedroom-3475656_1280.jpg
태아장모텔,35.11769539,129.040114,https://cdn.pixabay.com/photo/2018/06/14/21/15/bedroom-3475656_1280.jpg
더비에스호텔,35.11856186,129.0425935,https://cdn.pixabay.com/photo/2018/06/14/21/15/bedroom-3475656_1280.jpg
센텀모텔,35.1184087,129.0425212,https://cdn.pixabay.com/photo/2018/06/14/21/15/bedroom-3475656_1280.jpg
하운드호텔 부산역,35.11775044,129.0426829,https://cdn.pixabay.com/photo/2018/06/14/21/15/bedroom-3475656_1280.jpg
플러스모텔,35.11875401,129.0409266,https://cdn.pixabay.com/photo/2018/06/14/21/15/bedroom-3475656_1280.jpg
호텔그레이초량,35.12210939,129.0443324,https://cdn.pixabay.com/photo/2018/06/14/21/15/bedroom-3475656_1280.jpg
호텔포레,35.12258841,129.0445878,https://cdn.pixabay.com/photo/2018/06/14/21/15/bedroom-3475656_1280.jpg
호텔포레 부산역점,35.12257601,129.0446127,https://cdn.pixabay.com/photo/2018/06/14/21/15/bedroom-3475656_1280.jpg
OJ모텔,35.1238101,129.0453933,https://cdn.pixabay.com/photo/2018/06/14/21/15/bedroom-3475656_1280.jpg
스마일모텔,35.11673391,129.0390275,https://cdn.pixabay.com/photo/2018/06/14/21/15/bedroom-3475656_1280.jpg
샤이어호텔,35.11763698,129.0399496,https://cdn.pixabay.com/photo/2018/06/14/21/15/bedroom-3475656_1280.jpg
귀빈모텔,35.11570063,129.0387527,https://cdn.pixabay.com/photo/2018/06/14/21/15/bedroom-3475656_1280.jpg
디노호텔,35.11587351,129.0387715,https://cdn.pixabay.com/photo/2018/06/14/21/15/bedroom-3475656_1280.jpg
콜모텔,35.11608219,129.0386183,https://cdn.pixabay.com/photo/2018/06/14/21/15/bedroom-3475656_1280.jpg
오션모텔,35.11560152,129.0386132,https://cdn.pixabay.com/photo/2018/06/14/21/15/bedroom-3475656_1280.jpg
썬모텔,35.11595208,129.0384489,https://cdn.pixabay.com/photo/2018/06/14/21/15/bedroom-3475656_1280.jpg
힐코모텔,35.11945996,129.0406798,https://cdn.pixabay.com/photo/2018/06/14/21/15/bedroom-3475656_1280.jpg
유진장모텔,35.119845,129.0392501,https://cdn.pixabay.com/photo/2018/06/14/21/15/bedroom-3475656_1280.jpg
이스튼모텔,35.11959507,129.0390441,https://cdn.pixabay.com/photo/2018/06/14/21/15/bedroom-3475656_1280.jpg
필모텔,35.11782509,129.0388609,https://cdn.pixabay.com/photo/2018/06/14/21/15/bedroom-3475656_1280.jpg
스위트모텔,35.20141838,129.0881829,https://cdn.pixabay.com/photo/2018/06/14/21/15/bedroom-3475656_1280.jpg
수림모텔,35.20122752,129.0881067,https://cdn.pixabay.com/photo/2018/06/14/21/15/bedroom-3475656_1280.jpg
락모텔,35.20483979,129.0821971,https://cdn.pixabay.com/photo/2018/06/14/21/15/bedroom-3475656_1280.jpg
COCO모텔,35.20394651,129.083671,https://cdn.pixabay.com/photo/2018/06/14/21/15/bedroom-3475656_1280.jpg
지엔지모텔,35.20436659,129.0833661,https://cdn.pixabay.com/photo/2018/06/14/21/15/bedroom-3475656_1280.jpg
보브모텔,35.20454579,129.0832239,https://cdn.pixabay.com/photo/2018/06/14/21/15/bedroom-3475656_1280.jpg
호텔아마레,35.20468963,129.0831113,https://cdn.pixabay.com/photo/2018/06/14/21/15/bedroom-3475656_1280.jpg
에덴모텔,35.20413842,129.0836397,https://cdn.pixabay.com/photo/2018/06/14/21/15/bedroom-3475656_1280.jpg
삼육구모텔,35.20444908,129.0835178,https://cdn.pixabay.com/photo/2018/06/14/21/15/bedroom-3475656_1280.jpg
토토모텔,35.20426506,129.0838011,https://cdn.pixabay.com/photo/2018/06/14/21/15/bedroom-3475656_1280.jpg
보림모텔,35.20393788,129.1014678,https://cdn.pixabay.com/photo/2018/06/14/21/15/bedroom-3475656_1280.jpg
서호모텔,35.202866,129.0994536,https://cdn.pixabay.com/photo/2018/06/14/21/15/bedroom-3475656_1280.jpg
롯데모텔,35.20992859,129.1046825,https://cdn.pixabay.com/photo/2018/06/14/21/15/bedroom-3475656_1280.jpg
크리스탈모텔,35.20124108,129.0847325,https://cdn.pixabay.com/photo/2018/06/14/21/15/bedroom-3475656_1280.jpg
블루힐모텔,35.20040574,129.085257,https://cdn.pixabay.com/photo/2018/06/14/21/15/bedroom-3475656_1280.jpg
세인트나인호텔,35.19656504,129.0976905,https://cdn.pixabay.com/photo/2018/06/14/21/15/bedroom-3475656_1280.jpg
이브모텔,35.1993243,129.0985159,https://cdn.pixabay.com/photo/2018/06/14/21/15/bedroom-3475656_1280.jpg
VOS모텔,35.21912199,129.0807266,https://cdn.pixabay.com/photo/2018/06/14/21/15/bedroom-3475656_1280.jpg
호텔농심,35.22025936,129.0823201,https://cdn.pixabay.com/photo/2018/06/14/21/15/bedroom-3475656_1280.jpg
천일온천호텔,35.2214515,129.0813225,https://cdn.pixabay.com/photo/2018/06/14/21/15/bedroom-3475656_1280.jpg
녹천온천호텔,35.22049791,129.0809067,https://cdn.pixabay.com/photo/2018/06/14/21/15/bedroom-3475656_1280.jpg
호텔프랑스,35.2225688,129.0810093,https://cdn.pixabay.com/photo/2018/06/14/21/15/bedroom-3475656_1280.jpg
6번가모텔,35.22395456,129.0820084,https://cdn.pixabay.com/photo/2018/06/14/21/15/bedroom-3475656_1280.jpg
한솔모텔,35.2233701,129.0820883,https://cdn.pixabay.com/photo/2018/06/14/21/15/bedroom-3475656_1280.jpg
세금장모텔,35.21991951,129.0800662,https://cdn.pixabay.com/photo/2018/06/14/21/15/bedroom-3475656_1280.jpg
도브호텔,35.21915508,129.0796287,https://cdn.pixabay.com/photo/2018/06/14/21/15/bedroom-3475656_1280.jpg
무아모텔,35.22004584,129.079913,https://cdn.pixabay.com/photo/2018/06/14/21/15/bedroom-3475656_1280.jpg
대성관호텔,35.21959359,129.0811015,https://cdn.pixabay.com/photo/2018/06/14/21/15/bedroom-3475656_1280.jpg
갤럭시모텔,35.21973859,129.0806508,https://cdn.pixabay.com/photo/2018/06/14/21/15/bedroom-3475656_1280.jpg
카리노호텔,35.21956197,129.0815137,https://cdn.pixabay.com/photo/2018/06/14/21/15/bedroom-3475656_1280.jpg
호텔킹,35.21997334,129.0811432,https://cdn.pixabay.com/photo/2018/06/14/21/15/bedroom-3475656_1280.jpg
호텔MVG,35.21396901,129.0787787,https://cdn.pixabay.com/photo/2018/06/14/21/15/bedroom-3475656_1280.jpg
금강국민호텔,35.22503944,129.0747994,https://cdn.pixabay.com/photo/2018/06/14/21/15/bedroom-3475656_1280.jpg
동래온천호텔,35.21290664,129.0785243,https://cdn.pixabay.com/photo/2018/06/14/21/15/bedroom-3475656_1280.jpg
인터파크모텔,35.21308492,129.0783213,https://cdn.pixabay.com/photo/2018/06/14/21/15/bedroom-3475656_1280.jpg
뉴부산모텔,35.21359966,129.0784161,https://cdn.pixabay.com/photo/2018/06/14/21/15/bedroom-3475656_1280.jpg
젬모텔,35.21328281,129.0782594,https://cdn.pixabay.com/photo/2018/06/14/21/15/bedroom-3475656_1280.jpg
로얄모텔,35.20697481,129.0698191,https://cdn.pixabay.com/photo/2018/06/14/21/15/bedroom-3475656_1280.jpg
더스톤브릿지호텔,35.20254823,129.0697081,https://cdn.pixabay.com/photo/2018/06/14/21/15/bedroom-3475656_1280.jpg
거북장모텔,35.20314676,129.0661053,https://cdn.pixabay.com/photo/2018/06/14/21/15/bedroom-3475656_1280.jpg
사직 덴바스타 시그니처호텔,35.20343416,129.0680018,https://cdn.pixabay.com/photo/2018/06/14/21/15/bedroom-3475656_1280.jpg
페이지호텔,35.20326038,129.0686595,https://cdn.pixabay.com/photo/2018/06/14/21/15/bedroom-3475656_1280.jpg
올리브 모텔,35.2033293,129.0689836,https://cdn.pixabay.com/photo/2018/06/14/21/15/bedroom-3475656_1280.jpg
에스에스모텔,35.20290356,129.068984,https://cdn.pixabay.com/photo/2018/06/14/21/15/bedroom-3475656_1280.jpg
온천장오호텔,35.21600163,129.0793198,https://cdn.pixabay.com/photo/2018/06/14/21/15/bedroom-3475656_1280.jpg
동래모텔,35.22014273,129.0846607,https://cdn.pixabay.com/photo/2018/06/14/21/15/bedroom-3475656_1280.jpg
보노호텔,35.21557401,129.0792434,https://cdn.pixabay.com/photo/2018/06/14/21/15/bedroom-3475656_1280.jpg
허심모텔,35.22141907,129.0820034,https://cdn.pixabay.com/photo/2018/06/14/21/15/bedroom-3475656_1280.jpg
호텔 이그니스,35.21816786,129.0829875,https://cdn.pixabay.com/photo/2018/06/14/21/15/bedroom-3475656_1280.jpg
JS모텔,35.21788848,129.0828957,https://cdn.pixabay.com/photo/2018/06/14/21/15/bedroom-3475656_1280.jpg
미투나호텔,35.21681674,129.0787685,https://cdn.pixabay.com/photo/2018/06/14/21/15/bedroom-3475656_1280.jpg
샤인모텔,35.21814722,129.0815181,https://cdn.pixabay.com/photo/2018/06/14/21/15/bedroom-3475656_1280.jpg
타히티모텔,35.21793047,129.0808971,https://cdn.pixabay.com/photo/2018/06/14/21/15/bedroom-3475656_1280.jpg
CG모텔,35.2161254,129.0792039,https://cdn.pixabay.com/photo/2018/06/14/21/15/bedroom-3475656_1280.jpg
그린모텔,35.21699406,129.0792892,https://cdn.pixabay.com/photo/2018/06/14/21/15/bedroom-3475656_1280.jpg
빅토리아모텔,35.21718772,129.0795104,https://cdn.pixabay.com/photo/2018/06/14/21/15/bedroom-3475656_1280.jpg
동산모텔,35.20728569,129.0705552,https://cdn.pixabay.com/photo/2018/06/14/21/15/bedroom-3475656_1280.jpg
태백모텔,35.20671492,129.0704623,https://cdn.pixabay.com/photo/2018/06/14/21/15/bedroom-3475656_1280.jpg
투유모텔,35.20648679,129.0701242,https://cdn.pixabay.com/photo/2018/06/14/21/15/bedroom-3475656_1280.jpg
하운드호텔 미남역점,35.20571838,129.0703725,https://cdn.pixabay.com/photo/2018/06/14/21/15/bedroom-3475656_1280.jpg
하루호텔,35.20635918,129.0704533,https://cdn.pixabay.com/photo/2018/06/14/21/15/bedroom-3475656_1280.jpg
유토피아모텔,35.2061165,129.0700612,https://cdn.pixabay.com/photo/2018/06/14/21/15/bedroom-3475656_1280.jpg
투헤븐호텔,35.20517043,129.0700421,https://cdn.pixabay.com/photo/2018/06/14/21/15/bedroom-3475656_1280.jpg
버튼호텔,35.20568733,129.0700898,https://cdn.pixabay.com/photo/2018/06/14/21/15/bedroom-3475656_1280.jpg
파라죠모텔,35.20692903,129.0703321,https://cdn.pixabay.com/photo/2018/06/14/21/15/bedroom-3475656_1280.jpg
미스터브릭호텔,35.20686582,129.0698944,https://cdn.pixabay.com/photo/2018/06/14/21/15/bedroom-3475656_1280.jpg
호텔꿀비,35.15516374,129.0361714,https://cdn.pixabay.com/photo/2018/06/14/21/15/bedroom-3475656_1280.jpg
더블유모텔,35.15217527,129.0216406,https://cdn.pixabay.com/photo/2018/06/14/21/15/bedroom-3475656_1280.jpg
"네이버지도명 - '부산 개금e패션', 간판 - '호텔 e패션'",35.15236756,129.0234863,https://cdn.pixabay.com/photo/2018/06/14/21/15/bedroom-3475656_1280.jpg
버킹검모텔,35.15251828,129.023101,https://cdn.pixabay.com/photo/2018/06/14/21/15/bedroom-3475656_1280.jpg
레인보우모텔,35.15234276,129.0230705,https://cdn.pixabay.com/photo/2018/06/14/21/15/bedroom-3475656_1280.jpg
레인보우호텔,35.15233057,129.0230578,https://cdn.pixabay.com/photo/2018/06/14/21/15/bedroom-3475656_1280.jpg
센트모텔,35.15757646,129.0485476,https://cdn.pixabay.com/photo/2018/06/14/21/15/bedroom-3475656_1280.jpg
고궁모텔,35.15741683,129.04877,https://cdn.pixabay.com/photo/2018/06/14/21/15/bedroom-3475656_1280.jpg
리버모텔,35.15767736,129.0485892,https://cdn.pixabay.com/photo/2018/06/14/21/15/bedroom-3475656_1280.jpg
봉선모텔,35.16592872,129.0406128,https://cdn.pixabay.com/photo/2018/06/14/21/15/bedroom-3475656_1280.jpg
대호모텔,35.14225239,129.0630143,https://cdn.pixabay.com/photo/2018/06/14/21/15/bedroom-3475656_1280.jpg
덴바스타호텔,35.14314713,129.0627571,https://cdn.pixabay.com/photo/2018/06/14/21/15/bedroom-3475656_1280.jpg
예스모텔,35.14223464,129.0626147,https://cdn.pixabay.com/photo/2018/06/14/21/15/bedroom-3475656_1280.jpg
호텔큐파이브,35.14244873,129.0628281,https://cdn.pixabay.com/photo/2018/06/14/21/15/bedroom-3475656_1280.jpg
7TH호텔,35.14807919,129.0586217,https://cdn.pixabay.com/photo/2018/06/14/21/15/bedroom-3475656_1280.jpg
더호텔7TH,35.14807636,129.0586028,https://cdn.pixabay.com/photo/2018/06/14/21/15/bedroom-3475656_1280.jpg
네이버지도명-이그이스모텔,35.1483474,129.06164,https://cdn.pixabay.com/photo/2018/06/14/21/15/bedroom-3475656_1280.jpg
G7호텔,35.1490178,129.0609645,https://cdn.pixabay.com/photo/2018/06/14/21/15/bedroom-3475656_1280.jpg
투헤븐모텔,35.1480956,129.0604701,https://cdn.pixabay.com/photo/2018/06/14/21/15/bedroom-3475656_1280.jpg
리순덕호텔,35.14870954,129.0602228,https://cdn.pixabay.com/photo/2018/06/14/21/15/bedroom-3475656_1280.jpg
호텔25시,35.14799932,129.0604833,https://cdn.pixabay.com/photo/2018/06/14/21/15/bedroom-3475656_1280.jpg
호텔콤마,35.14856646,129.0601728,https://cdn.pixabay.com/photo/2018/06/14/21/15/bedroom-3475656_1280.jpg
네이버지도명 -'리순덕호텔',35.14871457,129.0602029,https://cdn.pixabay.com/photo/2018/06/14/21/15/bedroom-3475656_1280.jpg
SS모텔,35.14884811,129.0601953,https://cdn.pixabay.com/photo/2018/06/14/21/15/bedroom-3475656_1280.jpg
서림모텔,35.14511351,129.0598767,https://cdn.pixabay.com/photo/2018/06/14/21/15/bedroom-3475656_1280.jpg
프렌치코드호텔,35.14726223,129.0602891,https://cdn.pixabay.com/photo/2018/06/14/21/15/bedroom-3475656_1280.jpg
잉카모텔,35.16836433,129.0511585,https://cdn.pixabay.com/photo/2018/06/14/21/15/bedroom-3475656_1280.jpg
월성모텔,35.16532017,129.0510155,https://cdn.pixabay.com/photo/2018/06/14/21/15/bedroom-3475656_1280.jpg
롯데호텔,35.15671602,129.0555873,https://cdn.pixabay.com/photo/2018/06/14/21/15/bedroom-3475656_1280.jpg
부산롯데호텔,35.15679003,129.0564162,https://cdn.pixabay.com/photo/2018/06/14/21/15/bedroom-3475656_1280.jpg
브라운도트 호텔 서면역점 비즈니스,35.15660168,129.0540147,https://cdn.pixabay.com/photo/2018/06/14/21/15/bedroom-3475656_1280.jpg
올인모텔,35.15886183,129.055097,https://cdn.pixabay.com/photo/2018/06/14/21/15/bedroom-3475656_1280.jpg
프로포즈 모텔,35.15528276,129.0569114,https://cdn.pixabay.com/photo/2018/06/14/21/15/bedroom-3475656_1280.jpg
K9모텔,35.15533374,129.0567822,https://cdn.pixabay.com/photo/2018/06/14/21/15/bedroom-3475656_1280.jpg
더블린호텔,35.15505577,129.056593,https://cdn.pixabay.com/photo/2018/06/14/21/15/bedroom-3475656_1280.jpg
휴모텔,35.15473986,129.0568235,https://cdn.pixabay.com/photo/2018/06/14/21/15/bedroom-3475656_1280.jpg
소호호텔,35.15861686,129.0617684,https://cdn.pixabay.com/photo/2018/06/14/21/15/bedroom-3475656_1280.jpg
하루모텔,35.15618517,129.0612268,https://cdn.pixabay.com/photo/2018/06/14/21/15/bedroom-3475656_1280.jpg
홈호텔,35.1563924,129.0617138,https://cdn.pixabay.com/photo/2018/06/14/21/15/bedroom-3475656_1280.jpg
퀸스호텔,35.15502879,129.0553457,https://cdn.pixabay.com/photo/2018/06/14/21/15/bedroom-3475656_1280.jpg
SF모텔,35.1519504,129.0567026,https://cdn.pixabay.com/photo/2018/06/14/21/15/bedroom-3475656_1280.jpg
부산 비즈니스 호텔,35.15610984,129.0545363,https://cdn.pixabay.com/photo/2018/06/14/21/15/bedroom-3475656_1280.jpg
짝럭셔리호텔,35.15298466,129.0564824,https://cdn.pixabay.com/photo/2018/06/14/21/15/bedroom-3475656_1280.jpg
부산모텔,35.16011492,129.0584541,https://cdn.pixabay.com/photo/2018/06/14/21/15/bedroom-3475656_1280.jpg
우리모텔,35.15336443,129.0568818,https://cdn.pixabay.com/photo/2018/06/14/21/15/bedroom-3475656_1280.jpg
넘버25 호텔 서면1번가점,35.15261614,129.0570678,https://cdn.pixabay.com/photo/2018/06/14/21/15/bedroom-3475656_1280.jpg
호텔치즈,35.15344774,129.0565869,https://cdn.pixabay.com/photo/2018/06/14/21/15/bedroom-3475656_1280.jpg
V.V모텔,35.15367424,129.0570416,https://cdn.pixabay.com/photo/2018/06/14/21/15/bedroom-3475656_1280.jpg
호텔J7,35.15239458,129.0570356,https://cdn.pixabay.com/photo/2018/06/14/21/15/bedroom-3475656_1280.jpg
모텔오투,35.15331752,129.0571502,https://cdn.pixabay.com/photo/2018/06/14/21/15/bedroom-3475656_1280.jpg
시티호텔지앤지,35.15359537,129.0568996,https://cdn.pixabay.com/photo/2018/06/14/21/15/bedroom-3475656_1280.jpg
ON모텔,35.15356497,129.0565007,https://cdn.pixabay.com/photo/2018/06/14/21/15/bedroom-3475656_1280.jpg
필 모텔,35.15316477,129.0569413,https://cdn.pixabay.com/photo/2018/06/14/21/15/bedroom-3475656_1280.jpg
Y모텔,35.15242629,129.056806,https://cdn.pixabay.com/photo/2018/06/14/21/15/bedroom-3475656_1280.jpg
아바모텔,35.15386379,129.0571096,https://cdn.pixabay.com/photo/2018/06/14/21/15/bedroom-3475656_1280.jpg
하림장모텔,35.15861186,129.0537162,https://cdn.pixabay.com/photo/2018/06/14/21/15/bedroom-3475656_1280.jpg
라라비안코 비즈니스 호텔,35.15882716,129.0559571,https://cdn.pixabay.com/photo/2018/06/14/21/15/bedroom-3475656_1280.jpg
더블유모텔부산,35.15990707,129.0569352,https://cdn.pixabay.com/photo/2018/06/14/21/15/bedroom-3475656_1280.jpg
호텔티티,35.16069778,129.0564859,https://cdn.pixabay.com/photo/2018/06/14/21/15/bedroom-3475656_1280.jpg
J모텔,35.16008446,129.0586352,https://cdn.pixabay.com/photo/2018/06/14/21/15/bedroom-3475656_1280.jpg
놈모텔,35.15995398,129.0552562,https://cdn.pixabay.com/photo/2018/06/14/21/15/bedroom-3475656_1280.jpg
이화장모텔,35.16048876,129.0563342,https://cdn.pixabay.com/photo/2018/06/14/21/15/bedroom-3475656_1280.jpg
호텔밴드,35.16064593,129.0560726,https://cdn.pixabay.com/photo/2018/06/14/21/15/bedroom-3475656_1280.jpg
쉬리모텔,35.15997944,129.0596214,https://cdn.pixabay.com/photo/2018/06/14/21/15/bedroom-3475656_1280.jpg
조아모텔,35.15991504,129.0597916,https://cdn.pixabay.com/photo/2018/06/14/21/15/bedroom-3475656_1280.jpg
OK모텔,35.16005096,129.0596829,https://cdn.pixabay.com/photo/2018/06/14/21/15/bedroom-3475656_1280.jpg
부산 서면 블루밍호텔,35.15200989,129.0581902,https://cdn.pixabay.com/photo/2018/06/14/21/15/bedroom-3475656_1280.jpg
IB호텔,35.15224743,129.0572604,https://cdn.pixabay.com/photo/2018/06/14/21/15/bedroom-3475656_1280.jpg
유나호텔 비지니스,35.15198678,129.0573227,https://cdn.pixabay.com/photo/2018/06/14/21/15/bedroom-3475656_1280.jpg
사우스반데코호텔,35.15104769,129.0581902,https://cdn.pixabay.com/photo/2018/06/14/21/15/bedroom-3475656_1280.jpg
솔라리아니시테츠호텔,35.15237637,129.0581917,https://cdn.pixabay.com/photo/2018/06/14/21/15/bedroom-3475656_1280.jpg
몰디브모텔,35.15368163,129.0571754,https://cdn.pixabay.com/photo/2018/06/14/21/15/bedroom-3475656_1280.jpg
일번가모텔,35.15479903,129.0582028,https://cdn.pixabay.com/photo/2018/06/14/21/15/bedroom-3475656_1280.jpg
숨모텔,35.159798,129.0555861,https://cdn.pixabay.com/photo/2018/06/14/21/15/bedroom-3475656_1280.jpg
ZAVA모텔,35.15930416,129.05615,https://cdn.pixabay.com/photo/2018/06/14/21/15/bedroom-3475656_1280.jpg
모텔지에스,35.16136043,129.0548109,https://cdn.pixabay.com/photo/2018/06/14/21/15/bedroom-3475656_1280.jpg
월렉스모텔,35.16122887,129.0546082,https://cdn.pixabay.com/photo/2018/06/14/21/15/bedroom-3475656_1280.jpg
올리브모텔,35.15835254,129.0553756,https://cdn.pixabay.com/photo/2018/06/14/21/15/bedroom-3475656_1280.jpg
하이모텔,35.15817134,129.0559002,https://cdn.pixabay.com/photo/2018/06/14/21/15/bedroom-3475656_1280.jpg
핑크모텔,35.15835442,129.0555453,https://cdn.pixabay.com/photo/2018/06/14/21/15/bedroom-3475656_1280.jpg
쌍마모텔,35.15839448,129.0559993,https://cdn.pixabay.com/photo/2018/06/14/21/15/bedroom-3475656_1280.jpg
QT모텔,35.15582712,129.0603682,https://cdn.pixabay.com/photo/2018/06/14/21/15/bedroom-3475656_1280.jpg
브라운도트 호텔 서면1호점,35.15896579,129.0611729,https://cdn.pixabay.com/photo/2018/06/14/21/15/bedroom-3475656_1280.jpg
1박2일모텔,35.15335227,129.0547118,https://cdn.pixabay.com/photo/2018/06/14/21/15/bedroom-3475656_1280.jpg
X모텔,35.15232348,129.060067,https://cdn.pixabay.com/photo/2018/06/14/21/15/bedroom-3475656_1280.jpg
호텔유케이,35.15386257,129.0613436,https://cdn.pixabay.com/photo/2018/06/14/21/15/bedroom-3475656_1280.jpg
지오모텔,35.15371909,129.0614722,https://cdn.pixabay.com/photo/2018/06/14/21/15/bedroom-3475656_1280.jpg
그랑호텔,35.15411878,129.0611082,https://cdn.pixabay.com/photo/2018/06/14/21/15/bedroom-3475656_1280.jpg
호텔 아리아 서면,35.1560295,129.0612241,https://cdn.pixabay.com/photo/2018/06/14/21/15/bedroom-3475656_1280.jpg
브이호텔,35.15474852,129.0557498,https://cdn.pixabay.com/photo/2018/06/14/21/15/bedroom-3475656_1280.jpg
호텔엘레펀트,35.15532509,129.0560521,https://cdn.pixabay.com/photo/2018/06/14/21/15/bedroom-3475656_1280.jpg
호텔 25시,35.15484717,129.0562535,https://cdn.pixabay.com/photo/2018/06/14/21/15/bedroom-3475656_1280.jpg
호텔 더 스위트,35.15504664,129.0562299,https://cdn.pixabay.com/photo/2018/06/14/21/15/bedroom-3475656_1280.jpg
렛츠고모텔,35.15521349,129.0555028,https://cdn.pixabay.com/photo/2018/06/14/21/15/bedroom-3475656_1280.jpg
호텔더스위트,35.15504664,129.0562299,https://cdn.pixabay.com/photo/2018/06/14/21/15/bedroom-3475656_1280.jpg
호텔와이티티,35.15555822,129.0553379,https://cdn.pixabay.com/photo/2018/06/14/21/15/bedroom-3475656_1280.jpg
쉼모텔,35.15529254,129.0554273,https://cdn.pixabay.com/photo/2018/06/14/21/15/bedroom-3475656_1280.jpg
와우모텔,35.15513609,129.0559556,https://cdn.pixabay.com/photo/2018/06/14/21/15/bedroom-3475656_1280.jpg
라이온호텔,35.15508346,129.056101,https://cdn.pixabay.com/photo/2018/06/14/21/15/bedroom-3475656_1280.jpg
YTT모텔,35.15555808,129.0553418,https://cdn.pixabay.com/photo/2018/06/14/21/15/bedroom-3475656_1280.jpg
더클럽호텔,35.15485176,129.0565632,https://cdn.pixabay.com/photo/2018/06/14/21/15/bedroom-3475656_1280.jpg
아르반호텔,35.15463886,129.0571894,https://cdn.pixabay.com/photo/2018/06/14/21/15/bedroom-3475656_1280.jpg
엔젤호텔,35.1540265,129.0619158,https://cdn.pixabay.com/photo/2018/06/14/21/15/bedroom-3475656_1280.jpg
호텔 엔젤,35.15408577,129.0618853,https://cdn.pixabay.com/photo/2018/06/14/21/15/bedroom-3475656_1280.jpg
R모텔,35.15507189,129.0619244,https://cdn.pixabay.com/photo/2018/06/14/21/15/bedroom-3475656_1280.jpg
신신호텔,35.15980174,129.0589835,https://cdn.pixabay.com/photo/2018/06/14/21/15/bedroom-3475656_1280.jpg
간판 - 태화모텔,35.16254874,129.0592094,https://cdn.pixabay.com/photo/2018/06/14/21/15/bedroom-3475656_1280.jpg
순우정모텔,35.1701914,129.0677145,https://cdn.pixabay.com/photo/2018/06/14/21/15/bedroom-3475656_1280.jpg
스테이에비뉴호텔 양정점,35.17122129,129.0691565,https://cdn.pixabay.com/photo/2018/06/14/21/15/bedroom-3475656_1280.jpg
브라운도트 호텔 양정점,35.17136231,129.0691209,https://cdn.pixabay.com/photo/2018/06/14/21/15/bedroom-3475656_1280.jpg
호텔369,35.16912541,129.068879,https://cdn.pixabay.com/photo/2018/06/14/21/15/bedroom-3475656_1280.jpg
호림모텔,35.17301037,129.0726509,https://cdn.pixabay.com/photo/2018/06/14/21/15/bedroom-3475656_1280.jpg
골드모텔,35.15986302,129.0664917,https://cdn.pixabay.com/photo/2018/06/14/21/15/bedroom-3475656_1280.jpg
토요코인호텔,35.15796708,129.0640808,https://cdn.pixabay.com/photo/2018/06/14/21/15/bedroom-3475656_1280.jpg
토요코인호텔 부산서면,35.15796689,129.0640534,https://cdn.pixabay.com/photo/2018/06/14/21/15/bedroom-3475656_1280.jpg
모텔리베라,35.18110743,129.0484484,https://cdn.pixabay.com/photo/2018/06/14/21/15/bedroom-3475656_1280.jpg
쏠호텔,35.18105762,129.0482399,https://cdn.pixabay.com/photo/2018/06/14/21/15/bedroom-3475656_1280.jpg
짱9모텔,35.18088047,129.0485418,https://cdn.pixabay.com/photo/2018/06/14/21/15/bedroom-3475656_1280.jpg
설탕모텔,35.18146413,129.0482347,https://cdn.pixabay.com/photo/2018/06/14/21/15/bedroom-3475656_1280.jpg
리베라모텔,35.18137041,129.0486754,https://cdn.pixabay.com/photo/2018/06/14/21/15/bedroom-3475656_1280.jpg
초읍 유나호텔,35.18214498,129.0482519,https://cdn.pixabay.com/photo/2018/06/14/21/15/bedroom-3475656_1280.jpg
넘버25 호텔 초읍점,35.18196497,129.048263,https://cdn.pixabay.com/photo/2018/06/14/21/15/bedroom-3475656_1280.jpg
발렌타인모텔,35.18160136,129.0476416,https://cdn.pixabay.com/photo/2018/06/14/21/15/bedroom-3475656_1280.jpg
온모텔,35.18115263,129.0477544,https://cdn.pixabay.com/photo/2018/06/14/21/15/bedroom-3475656_1280.jpg
아이리스모텔,35.1812842,129.0481262,https://cdn.pixabay.com/photo/2018/06/14/21/15/bedroom-3475656_1280.jpg
루모텔,35.18146837,129.0480579,https://cdn.pixabay.com/photo/2018/06/14/21/15/bedroom-3475656_1280.jpg
비타민호텔,35.18155566,129.048036,https://cdn.pixabay.com/photo/2018/06/14/21/15/bedroom-3475656_1280.jpg
라라호텔,35.18220792,129.0478919,https://cdn.pixabay.com/photo/2018/06/14/21/15/bedroom-3475656_1280.jpg
코리아나 모텔,35.18225681,129.047671,https://cdn.pixabay.com/photo/2018/06/14/21/15/bedroom-3475656_1280.jpg
모텔 알리바바,35.18159173,129.0465395,https://cdn.pixabay.com/photo/2018/06/14/21/15/bedroom-3475656_1280.jpg
엠유모텔,35.20641044,128.9993476,https://cdn.pixabay.com/photo/2018/06/14/21/15/bedroom-3475656_1280.jpg
테크노모텔,35.20657704,128.9994946,https://cdn.pixabay.com/photo/2018/06/14/21/15/bedroom-3475656_1280.jpg
뉴몽블랑모텔,35.20553178,128.9982738,https://cdn.pixabay.com/photo/2018/06/14/21/15/bedroom-3475656_1280.jpg
샤롯데모텔,35.20328843,128.9957767,https://cdn.pixabay.com/photo/2018/06/14/21/15/bedroom-3475656_1280.jpg
향원장모텔,35.20605064,128.9971962,https://cdn.pixabay.com/photo/2018/06/14/21/15/bedroom-3475656_1280.jpg
애플모텔,35.20883043,129.0009864,https://cdn.pixabay.com/photo/2018/06/14/21/15/bedroom-3475656_1280.jpg
썸모텔,35.20857009,129.0007426,https://cdn.pixabay.com/photo/2018/06/14/21/15/bedroom-3475656_1280.jpg
스미스호텔,35.20900888,129.0010643,https://cdn.pixabay.com/photo/2018/06/14/21/15/bedroom-3475656_1280.jpg
A모텔,35.20371899,128.9946933,https://cdn.pixabay.com/photo/2018/06/14/21/15/bedroom-3475656_1280.jpg
바르도호텔,35.20900686,128.9999617,https://cdn.pixabay.com/photo/2018/06/14/21/15/bedroom-3475656_1280.jpg
V7모텔,35.20378277,128.994749,https://cdn.pixabay.com/photo/2018/06/14/21/15/bedroom-3475656_1280.jpg
엘리스모텔,35.20385528,128.9948348,https://cdn.pixabay.com/photo/2018/06/14/21/15/bedroom-3475656_1280.jpg
글로리모텔,35.20916913,129.0003853,https://cdn.pixabay.com/photo/2018/06/14/21/15/bedroom-3475656_1280.jpg
세븐모텔,35.20960174,129.0005585,https://cdn.pixabay.com/photo/2018/06/14/21/15/bedroom-3475656_1280.jpg
모텔캣츠,35.20680983,128.9975868,https://cdn.pixabay.com/photo/2018/06/14/21/15/bedroom-3475656_1280.jpg
M모텔,35.20729714,128.998965,https://cdn.pixabay.com/photo/2018/06/14/21/15/bedroom-3475656_1280.jpg
뉴캐럿모텔,35.20980823,129.0006952,https://cdn.pixabay.com/photo/2018/06/14/21/15/bedroom-3475656_1280.jpg
I모텔,35.20874951,129.0007573,https://cdn.pixabay.com/photo/2018/06/14/21/15/bedroom-3475656_1280.jpg
브띠크모텔,35.20911036,129.0008787,https://cdn.pixabay.com/photo/2018/06/14/21/15/bedroom-3475656_1280.jpg
V모텔,35.20848622,129.0014935,https://cdn.pixabay.com/photo/2018/06/14/21/15/bedroom-3475656_1280.jpg
스카이모텔,35.21034206,129.004183,https://cdn.pixabay.com/photo/2018/06/14/21/15/bedroom-3475656_1280.jpg
에이유호텔,35.21040931,129.0031021,https://cdn.pixabay.com/photo/2018/06/14/21/15/bedroom-3475656_1280.jpg
매직모텔,35.21095051,129.0053979,https://cdn.pixabay.com/photo/2018/06/14/21/15/bedroom-3475656_1280.jpg
덕천모텔,35.21172191,129.0093667,https://cdn.pixabay.com/photo/2018/06/14/21/15/bedroom-3475656_1280.jpg
만수장모텔,35.21114622,129.0072182,https://cdn.pixabay.com/photo/2018/06/14/21/15/bedroom-3475656_1280.jpg
덕천코코호텔,35.21197204,129.0095596,https://cdn.pixabay.com/photo/2018/06/14/21/15/bedroom-3475656_1280.jpg
그림모텔,35.21114173,129.0061453,https://cdn.pixabay.com/photo/2018/06/14/21/15/bedroom-3475656_1280.jpg
힐링모텔,35.21107664,129.005949,https://cdn.pixabay.com/photo/2018/06/14/21/15/bedroom-3475656_1280.jpg
티파니모텔,35.21028587,129.0038068,https://cdn.pixabay.com/photo/2018/06/14/21/15/bedroom-3475656_1280.jpg
모텔썸,35.21014597,129.0074796,https://cdn.pixabay.com/photo/2018/06/14/21/15/bedroom-3475656_1280.jpg
25시모텔,35.21134821,129.0120034,https://cdn.pixabay.com/photo/2018/06/14/21/15/bedroom-3475656_1280.jpg
파라디아모텔,35.21419379,129.0452136,https://cdn.pixabay.com/photo/2018/06/14/21/15/bedroom-3475656_1280.jpg
투헤븐 모텔,35.21107448,129.047412,https://cdn.pixabay.com/photo/2018/06/14/21/15/bedroom-3475656_1280.jpg
브라운도트 호텔 만덕점,35.21168623,129.0467262,https://cdn.pixabay.com/photo/2018/06/14/21/15/bedroom-3475656_1280.jpg
겨울연가모텔,35.21070402,129.0473827,https://cdn.pixabay.com/photo/2018/06/14/21/15/bedroom-3475656_1280.jpg
유진모텔,35.21166248,129.0476253,https://cdn.pixabay.com/photo/2018/06/14/21/15/bedroom-3475656_1280.jpg
나인투나인모텔,35.21187947,129.0486846,https://cdn.pixabay.com/photo/2018/06/14/21/15/bedroom-3475656_1280.jpg
더젠틀호텔,35.21143134,129.0470369,https://cdn.pixabay.com/photo/2018/06/14/21/15/bedroom-3475656_1280.jpg
아브레 모텔,35.2112108,129.047101,https://cdn.pixabay.com/photo/2018/06/14/21/15/bedroom-3475656_1280.jpg
아브레모텔,35.21110848,129.0469873,https://cdn.pixabay.com/photo/2018/06/14/21/15/bedroom-3475656_1280.jpg
스파호텔,35.23445217,129.0098164,https://cdn.pixabay.com/photo/2018/06/14/21/15/bedroom-3475656_1280.jpg
B&B모텔,35.23454522,129.0091873,https://cdn.pixabay.com/photo/2018/06/14/21/15/bedroom-3475656_1280.jpg
메르시호텔,35.23449819,129.0096255,https://cdn.pixabay.com/photo/2018/06/14/21/15/bedroom-3475656_1280.jpg
호텔브리즈,35.23453418,129.0089015,https://cdn.pixabay.com/photo/2018/06/14/21/15/bedroom-3475656_1280.jpg
MU모텔,35.23575397,129.0091171,https://cdn.pixabay.com/photo/2018/06/14/21/15/bedroom-3475656_1280.jpg
런더너모텔,35.23578298,129.00896,https://cdn.pixabay.com/photo/2018/06/14/21/15/bedroom-3475656_1280.jpg
덴바스타호텔 화명점,35.23583317,129.008601,https://cdn.pixabay.com/photo/2018/06/14/21/15/bedroom-3475656_1280.jpg
런더너호텔,35.23578298,129.00896,https://cdn.pixabay.com/photo/2018/06/14/21/15/bedroom-3475656_1280.jpg
루이스J호텔,35.15395401,128.9735777,https://cdn.pixabay.com/photo/2018/06/14/21/15/bedroom-3475656_1280.jpg
1954호텔,35.15307003,128.9753807,https://cdn.pixabay.com/photo/2018/06/14/21/15/bedroom-3475656_1280.jpg
호텔프리마,35.15192309,128.9864574,https://cdn.pixabay.com/photo/2018/06/14/21/15/bedroom-3475656_1280.jpg
제이 모텔,35.15383378,128.9864003,https://cdn.pixabay.com/photo/2018/06/14/21/15/bedroom-3475656_1280.jpg
호텔 자,35.15074961,128.9911325,https://cdn.pixabay.com/photo/2018/06/14/21/15/bedroom-3475656_1280.jpg
NO25호텔,35.15245083,128.9894575,https://cdn.pixabay.com/photo/2018/06/14/21/15/bedroom-3475656_1280.jpg
비즈니스호텔 르네상스,35.16176556,128.9830104,https://cdn.pixabay.com/photo/2018/06/14/21/15/bedroom-3475656_1280.jpg
호텔파라곤,35.16192209,128.9813891,https://cdn.pixabay.com/photo/2018/06/14/21/15/bedroom-3475656_1280.jpg
한도호텔파라곤,35.16193644,128.9813951,https://cdn.pixabay.com/photo/2018/06/14/21/15/bedroom-3475656_1280.jpg
소르젠떼비지니스호텔,35.16487681,128.983987,https://cdn.pixabay.com/photo/2018/06/14/21/15/bedroom-3475656_1280.jpg
브이원모텔,35.16150676,128.9859781,https://cdn.pixabay.com/photo/2018/06/14/21/15/bedroom-3475656_1280.jpg
센스모텔,35.16149088,128.9865523,https://cdn.pixabay.com/photo/2018/06/14/21/15/bedroom-3475656_1280.jpg
기린장모텔,35.16306204,128.985928,https://cdn.pixabay.com/photo/2018/06/14/21/15/bedroom-3475656_1280.jpg
에스 호텔,35.16332153,128.9859644,https://cdn.pixabay.com/photo/2018/06/14/21/15/bedroom-3475656_1280.jpg
압구정모텔,35.16329527,128.9865981,https://cdn.pixabay.com/photo/2018/06/14/21/15/bedroom-3475656_1280.jpg
아이모텔,35.16321953,128.986253,https://cdn.pixabay.com/photo/2018/06/14/21/15/bedroom-3475656_1280.jpg
SHOW모텔,35.16343794,128.9861544,https://cdn.pixabay.com/photo/2018/06/14/21/15/bedroom-3475656_1280.jpg
파트너모텔,35.16293839,128.9864823,https://cdn.pixabay.com/photo/2018/06/14/21/15/bedroom-3475656_1280.jpg
뉴코리아모텔,35.16345134,128.9865389,https://cdn.pixabay.com/photo/2018/06/14/21/15/bedroom-3475656_1280.jpg
금하모텔,35.16303397,128.9864227,https://cdn.pixabay.com/photo/2018/06/14/21/15/bedroom-3475656_1280.jpg
아비송모텔,35.163795,128.9864246,https://cdn.pixabay.com/photo/2018/06/14/21/15/bedroom-3475656_1280.jpg
ND.1226호텔,35.16940714,128.9770927,https://cdn.pixabay.com/photo/2018/06/14/21/15/bedroom-3475656_1280.jpg
비치모텔,35.16495313,128.9835485,https://cdn.pixabay.com/photo/2018/06/14/21/15/bedroom-3475656_1280.jpg
아리스모텔,35.15910116,128.9867793,https://cdn.pixabay.com/photo/2018/06/14/21/15/bedroom-3475656_1280.jpg
비너스모텔,35.15839983,128.9859969,https://cdn.pixabay.com/photo/2018/06/14/21/15/bedroom-3475656_1280.jpg
산장모텔,35.15829346,128.9859658,https://cdn.pixabay.com/photo/2018/06/14/21/15/bedroom-3475656_1280.jpg
썸 호텔,35.16396152,128.9825928,https://cdn.pixabay.com/photo/2018/06/14/21/15/bedroom-3475656_1280.jpg
빈스70호텔,35.16427167,128.9807283,https://cdn.pixabay.com/photo/2018/06/14/21/15/bedroom-3475656_1280.jpg
연풍모텔,35.16390783,128.9827954,https://cdn.pixabay.com/photo/2018/06/14/21/15/bedroom-3475656_1280.jpg
콤마호텔,35.16428351,128.9805712,https://cdn.pixabay.com/photo/2018/06/14/21/15/bedroom-3475656_1280.jpg
나무늘보호텔,35.16401217,128.9822777,https://cdn.pixabay.com/photo/2018/06/14/21/15/bedroom-3475656_1280.jpg
블랙모텔,35.16452378,128.9849465,https://cdn.pixabay.com/photo/2018/06/14/21/15/bedroom-3475656_1280.jpg
호텔더반,35.16503543,128.9838959,https://cdn.pixabay.com/photo/2018/06/14/21/15/bedroom-3475656_1280.jpg
달빛궁전모텔,35.16568088,128.9835142,https://cdn.pixabay.com/photo/2018/06/14/21/15/bedroom-3475656_1280.jpg
네츄럴모텔,35.16625609,128.9821909,https://cdn.pixabay.com/photo/2018/06/14/21/15/bedroom-3475656_1280.jpg
프리미엄아바호텔,35.1614781,128.9828291,https://cdn.pixabay.com/photo/2018/06/14/21/15/bedroom-3475656_1280.jpg
하이디자인호텔,35.16138648,128.9836696,https://cdn.pixabay.com/photo/2018/06/14/21/15/bedroom-3475656_1280.jpg
헤라모텔,35.16159403,128.9791651,https://cdn.pixabay.com/photo/2018/06/14/21/15/bedroom-3475656_1280.jpg
하운드호텔 사상점,35.16180927,128.9776934,https://cdn.pixabay.com/photo/2018/06/14/21/15/bedroom-3475656_1280.jpg
호텔 979,35.1883001,128.9886251,https://cdn.pixabay.com/photo/2018/06/14/21/15/bedroom-3475656_1280.jpg
호텔이레,35.18245111,128.9841552,https://cdn.pixabay.com/photo/2018/06/14/21/15/bedroom-3475656_1280.jpg
옥림모텔,35.19514062,128.987005,https://cdn.pixabay.com/photo/2018/06/14/21/15/bedroom-3475656_1280.jpg
짝모텔,35.12601272,128.9677111,https://cdn.pixabay.com/photo/2018/06/14/21/15/bedroom-3475656_1280.jpg
호텔프랜치코드,35.12869769,128.9686695,https://cdn.pixabay.com/photo/2018/06/14/21/15/bedroom-3475656_1280.jpg
플라워모텔,35.14994167,129.001563,https://cdn.pixabay.com/photo/2018/06/14/21/15/bedroom-3475656_1280.jpg
미니호텔,35.14934912,129.012609,https://cdn.pixabay.com/photo/2018/06/14/21/15/bedroom-3475656_1280.jpg
엔젤모텔,35.13473436,128.9961325,https://cdn.pixabay.com/photo/2018/06/14/21/15/bedroom-3475656_1280.jpg
코코모텔,35.13493324,128.9960464,https://cdn.pixabay.com/photo/2018/06/14/21/15/bedroom-3475656_1280.jpg
연희모텔,35.08646522,129.0060331,https://cdn.pixabay.com/photo/2018/06/14/21/15/bedroom-3475656_1280.jpg
파라다이스모텔,35.08587687,129.0053756,https://cdn.pixabay.com/photo/2018/06/14/21/15/bedroom-3475656_1280.jpg
비엘모텔,35.10019379,128.9803202,https://cdn.pixabay.com/photo/2018/06/14/21/15/bedroom-3475656_1280.jpg
미모텔,35.10081454,128.9941447,https://cdn.pixabay.com/photo/2018/06/14/21/15/bedroom-3475656_1280.jpg
오렌지모텔,35.10074036,128.9936301,https://cdn.pixabay.com/photo/2018/06/14/21/15/bedroom-3475656_1280.jpg
9월모텔,35.10097408,128.9946308,https://cdn.pixabay.com/photo/2018/06/14/21/15/bedroom-3475656_1280.jpg
로쏘호텔,35.10061304,128.9933311,https://cdn.pixabay.com/photo/2018/06/14/21/15/bedroom-3475656_1280.jpg
위브모텔,35.09904959,128.9913635,https://cdn.pixabay.com/photo/2018/06/14/21/15/bedroom-3475656_1280.jpg
EG모텔,35.09953608,128.9816169,https://cdn.pixabay.com/photo/2018/06/14/21/15/bedroom-3475656_1280.jpg
크로바 호텔,35.09641173,128.9940128,https://cdn.pixabay.com/photo/2018/06/14/21/15/bedroom-3475656_1280.jpg
삼오모텔,35.09967714,128.9928932,https://cdn.pixabay.com/photo/2018/06/14/21/15/bedroom-3475656_1280.jpg
지티모텔,35.09863598,128.9907509,https://cdn.pixabay.com/photo/2018/06/14/21/15/bedroom-3475656_1280.jpg
라라모텔,35.09894942,128.9918914,https://cdn.pixabay.com/photo/2018/06/14/21/15/bedroom-3475656_1280.jpg
오이아호텔,35.0574017,128.9727617,https://cdn.pixabay.com/photo/2018/06/14/21/15/bedroom-3475656_1280.jpg
모텔그리스,35.05761998,128.9742614,https://cdn.pixabay.com/photo/2018/06/14/21/15/bedroom-3475656_1280.jpg
코자837모텔,35.05575364,128.9711018,https://cdn.pixabay.com/photo/2018/06/14/21/15/bedroom-3475656_1280.jpg
6월모텔,35.0556484,128.9708584,https://cdn.pixabay.com/photo/2018/06/14/21/15/bedroom-3475656_1280.jpg
원모텔,35.04850864,128.9700021,https://cdn.pixabay.com/photo/2018/06/14/21/15/bedroom-3475656_1280.jpg
신평모텔,35.09108701,128.9747035,https://cdn.pixabay.com/photo/2018/06/14/21/15/bedroom-3475656_1280.jpg
블루문모텔,35.0731306,128.9768748,https://cdn.pixabay.com/photo/2018/06/14/21/15/bedroom-3475656_1280.jpg
여명모텔,35.07951194,128.9777067,https://cdn.pixabay.com/photo/2018/06/14/21/15/bedroom-3475656_1280.jpg
레이어스호텔,35.10661587,128.9643563,https://cdn.pixabay.com/photo/2018/06/14/21/15/bedroom-3475656_1280.jpg
프로포즈모텔,35.108507,128.9618043,https://cdn.pixabay.com/photo/2018/06/14/21/15/bedroom-3475656_1280.jpg
하단해원모텔,35.10707408,128.964341,https://cdn.pixabay.com/photo/2018/06/14/21/15/bedroom-3475656_1280.jpg
호텔야오,35.10746664,128.9638192,https://cdn.pixabay.com/photo/2018/06/14/21/15/bedroom-3475656_1280.jpg
해원모텔,35.10706467,128.9643363,https://cdn.pixabay.com/photo/2018/06/14/21/15/bedroom-3475656_1280.jpg
경희모텔,35.10755667,128.9652557,https://cdn.pixabay.com/photo/2018/06/14/21/15/bedroom-3475656_1280.jpg
E팰리스호텔,35.10878682,128.965705,https://cdn.pixabay.com/photo/2018/06/14/21/15/bedroom-3475656_1280.jpg
모텔 파라다이스,35.10825286,128.9664516,https://cdn.pixabay.com/photo/2018/06/14/21/15/bedroom-3475656_1280.jpg
E 팰리스 호텔,35.10879272,128.965702,https://cdn.pixabay.com/photo/2018/06/14/21/15/bedroom-3475656_1280.jpg
모텔츄츄,35.10782814,128.9662697,https://cdn.pixabay.com/photo/2018/06/14/21/15/bedroom-3475656_1280.jpg
발렌타인 모텔,35.10860087,128.9661254,https://cdn.pixabay.com/photo/2018/06/14/21/15/bedroom-3475656_1280.jpg
호텔메르시엘,35.10953107,128.9659842,https://cdn.pixabay.com/photo/2018/06/14/21/15/bedroom-3475656_1280.jpg
대하장모텔,35.10496836,128.9669856,https://cdn.pixabay.com/photo/2018/06/14/21/15/bedroom-3475656_1280.jpg
라스베가스관광호텔,35.10741051,128.966534,https://cdn.pixabay.com/photo/2018/06/14/21/15/bedroom-3475656_1280.jpg
그린힐호텔,35.10774326,128.9668249,https://cdn.pixabay.com/photo/2018/06/14/21/15/bedroom-3475656_1280.jpg
모텔와이티티,35.10725332,128.9647145,https://cdn.pixabay.com/photo/2018/06/14/21/15/bedroom-3475656_1280.jpg
머물다호텔,35.10824527,128.9656181,https://cdn.pixabay.com/photo/2018/06/14/21/15/bedroom-3475656_1280.jpg
와우호텔,35.10775891,128.9644718,https://cdn.pixabay.com/photo/2018/06/14/21/15/bedroom-3475656_1280.jpg
퍼블릭모텔,35.10758144,128.9647965,https://cdn.pixabay.com/photo/2018/06/14/21/15/bedroom-3475656_1280.jpg
칠백장모텔,35.10357613,128.9631384,https://cdn.pixabay.com/photo/2018/06/14/21/15/bedroom-3475656_1280.jpg
부산비치관광호텔,35.08497673,129.0262775,https://cdn.pixabay.com/photo/2018/06/14/21/15/bedroom-3475656_1280.jpg
구덕장모텔,35.11468844,129.0151553,https://cdn.pixabay.com/photo/2018/06/14/21/15/bedroom-3475656_1280.jpg
99.9호텔,35.07943772,129.0220522,https://cdn.pixabay.com/photo/2018/06/14/21/15/bedroom-3475656_1280.jpg
마리나호텔,35.07750957,129.0214864,https://cdn.pixabay.com/photo/2018/06/14/21/15/bedroom-3475656_1280.jpg
모아모텔,35.07696014,129.0174843,https://cdn.pixabay.com/photo/2018/06/14/21/15/bedroom-3475656_1280.jpg
베스트웨스턴플러스 부산송도호텔,35.07720798,129.0178244,https://cdn.pixabay.com/photo/2018/06/14/21/15/bedroom-3475656_1280.jpg
호텔아비숑,35.07819076,129.0223909,https://cdn.pixabay.com/photo/2018/06/14/21/15/bedroom-3475656_1280.jpg
송도아바모텔 암남점,35.07759164,129.0227198,https://cdn.pixabay.com/photo/2018/06/14/21/15/bedroom-3475656_1280.jpg
큐파이브호텔,35.0772323,129.0218905,https://cdn.pixabay.com/photo/2018/06/14/21/15/bedroom-3475656_1280.jpg
코자자호텔,35.07771277,129.0225877,https://cdn.pixabay.com/photo/2018/06/14/21/15/bedroom-3475656_1280.jpg
AVA모텔,35.07760553,129.0227267,https://cdn.pixabay.com/photo/2018/06/14/21/15/bedroom-3475656_1280.jpg
송도모텔,35.0780378,129.0197561,https://cdn.pixabay.com/photo/2018/06/14/21/15/bedroom-3475656_1280.jpg
에이스모텔,35.07817127,129.0208109,https://cdn.pixabay.com/photo/2018/06/14/21/15/bedroom-3475656_1280.jpg
금화장모텔,35.07862714,129.0211486,https://cdn.pixabay.com/photo/2018/06/14/21/15/bedroom-3475656_1280.jpg
피닉스모텔,35.0783754,129.0204656,https://cdn.pixabay.com/photo/2018/06/14/21/15/bedroom-3475656_1280.jpg
2월호텔 송도점,35.0653058,129.0136846,https://cdn.pixabay.com/photo/2018/06/14/21/15/bedroom-3475656_1280.jpg
파인힐모텔,35.0654605,129.0135993,https://cdn.pixabay.com/photo/2018/06/14/21/15/bedroom-3475656_1280.jpg
아리아호텔,35.06512798,129.0137584,https://cdn.pixabay.com/photo/2018/06/14/21/15/bedroom-3475656_1280.jpg
송도비치호텔,35.07478579,129.0156895,https://cdn.pixabay.com/photo/2018/06/14/21/15/bedroom-3475656_1280.jpg
SKY모텔,35.06621978,129.012897,https://cdn.pixabay.com/photo/2018/06/14/21/15/bedroom-3475656_1280.jpg
호텔쿼츠,35.06480252,129.0136764,https://cdn.pixabay.com/photo/2018/06/14/21/15/bedroom-3475656_1280.jpg
유엔송도호텔,35.07736694,129.0161449,https://cdn.pixabay.com/photo/2018/06/14/21/15/bedroom-3475656_1280.jpg
브라운도트호텔 송도해수욕장점,35.07677393,129.0170325,https://cdn.pixabay.com/photo/2018/06/14/21/15/bedroom-3475656_1280.jpg
EL호텔,35.07720063,129.0170002,https://cdn.pixabay.com/photo/2018/06/14/21/15/bedroom-3475656_1280.jpg
호텔얌,35.07745152,129.0168941,https://cdn.pixabay.com/photo/2018/06/14/21/15/bedroom-3475656_1280.jpg
봄모텔,35.07723574,129.0166438,https://cdn.pixabay.com/photo/2018/06/14/21/15/bedroom-3475656_1280.jpg
베네치아모텔,35.07732827,129.0169446,https://cdn.pixabay.com/photo/2018/06/14/21/15/bedroom-3475656_1280.jpg
다모아모텔,35.07735496,129.017326,https://cdn.pixabay.com/photo/2018/06/14/21/15/bedroom-3475656_1280.jpg
수모텔,35.0788955,129.0215402,https://cdn.pixabay.com/photo/2018/06/14/21/15/bedroom-3475656_1280.jpg
더샵호텔,35.09666499,129.0255186,https://cdn.pixabay.com/photo/2018/06/14/21/15/bedroom-3475656_1280.jpg
깐느모텔,35.09723716,129.0250093,https://cdn.pixabay.com/photo/2018/06/14/21/15/bedroom-3475656_1280.jpg
씨네모텔,35.09716889,129.0248457,https://cdn.pixabay.com/photo/2018/06/14/21/15/bedroom-3475656_1280.jpg
시티모텔,35.09752614,129.0246573,https://cdn.pixabay.com/photo/2018/06/14/21/15/bedroom-3475656_1280.jpg
바다모텔,35.09491019,129.0248929,https://cdn.pixabay.com/photo/2018/06/14/21/15/bedroom-3475656_1280.jpg
자갈치9월모텔,35.09516407,129.0251738,https://cdn.pixabay.com/photo/2018/06/14/21/15/bedroom-3475656_1280.jpg
금강모텔,35.09540861,129.0233582,https://cdn.pixabay.com/photo/2018/06/14/21/15/bedroom-3475656_1280.jpg
브라운도트 호텔 남포충무점,35.09345008,129.0228798,https://cdn.pixabay.com/photo/2018/06/14/21/15/bedroom-3475656_1280.jpg
부산장모텔,35.09349096,129.0232854,https://cdn.pixabay.com/photo/2018/06/14/21/15/bedroom-3475656_1280.jpg
초원파크 모텔,35.09640941,129.0216638,https://cdn.pixabay.com/photo/2018/06/14/21/15/bedroom-3475656_1280.jpg
스테이모텔,35.09653084,129.0213782,https://cdn.pixabay.com/photo/2018/06/14/21/15/bedroom-3475656_1280.jpg
뷰띠끄호텔,35.15321794,129.1170426,https://cdn.pixabay.com/photo/2018/06/14/21/15/bedroom-3475656_1280.jpg
광안비치모텔,35.14969051,129.1144273,https://cdn.pixabay.com/photo/2018/06/14/21/15/bedroom-3475656_1280.jpg
호텔 쏘타 컬렉션 더 테라스,35.14993746,129.1152995,https://cdn.pixabay.com/photo/2018/06/14/21/15/bedroom-3475656_1280.jpg
브릿지모텔,35.14870816,129.1145398,https://cdn.pixabay.com/photo/2018/06/14/21/15/bedroom-3475656_1280.jpg
호메르스호텔,35.15342504,129.1179674,https://cdn.pixabay.com/photo/2018/06/14/21/15/bedroom-3475656_1280.jpg
아쿠아펠리스호텔,35.15406972,129.1188353,https://cdn.pixabay.com/photo/2018/06/14/21/15/bedroom-3475656_1280.jpg
켄트 호텔,35.15422798,129.1191294,https://cdn.pixabay.com/photo/2018/06/14/21/15/bedroom-3475656_1280.jpg
호텔1,35.15249612,129.1173796,https://cdn.pixabay.com/photo/2018/06/14/21/15/bedroom-3475656_1280.jpg
호텔센트럴베이,35.15147287,129.1164364,https://cdn.pixabay.com/photo/2018/06/14/21/15/bedroom-3475656_1280.jpg
호메르스 호텔,35.15342577,129.11798,https://cdn.pixabay.com/photo/2018/06/14/21/15/bedroom-3475656_1280.jpg
브라운도트 호텔 광안리해수욕장점,35.14981237,129.1147818,https://cdn.pixabay.com/photo/2018/06/14/21/15/bedroom-3475656_1280.jpg
호텔미라주,35.14921322,129.1143045,https://cdn.pixabay.com/photo/2018/06/14/21/15/bedroom-3475656_1280.jpg
프리미엄브이관광호텔,35.15065964,129.1154077,https://cdn.pixabay.com/photo/2018/06/14/21/15/bedroom-3475656_1280.jpg
망고호텔,35.15189732,129.1167352,https://cdn.pixabay.com/photo/2018/06/14/21/15/bedroom-3475656_1280.jpg
씨유호텔,35.14903052,129.1146047,https://cdn.pixabay.com/photo/2018/06/14/21/15/bedroom-3475656_1280.jpg
누리호텔,35.15174846,129.1166075,https://cdn.pixabay.com/photo/2018/06/14/21/15/bedroom-3475656_1280.jpg
리버호텔,35.1671317,129.1165947,https://cdn.pixabay.com/photo/2018/06/14/21/15/bedroom-3475656_1280.jpg
대웅모텔,35.16586203,129.1155103,https://cdn.pixabay.com/photo/2018/06/14/21/15/bedroom-3475656_1280.jpg
와바모텔,35.16574152,129.1155211,https://cdn.pixabay.com/photo/2018/06/14/21/15/bedroom-3475656_1280.jpg
봄날 모텔,35.16667196,129.1159741,https://cdn.pixabay.com/photo/2018/06/14/21/15/bedroom-3475656_1280.jpg
수영맥스모텔,35.1659706,129.1155356,https://cdn.pixabay.com/photo/2018/06/14/21/15/bedroom-3475656_1280.jpg
유토피아관광호텔,35.16744421,129.1171132,https://cdn.pixabay.com/photo/2018/06/14/21/15/bedroom-3475656_1280.jpg
에메랄드모텔,35.16607849,129.115572,https://cdn.pixabay.com/photo/2018/06/14/21/15/bedroom-3475656_1280.jpg
호텔웁스,35.16686745,129.1156296,https://cdn.pixabay.com/photo/2018/06/14/21/15/bedroom-3475656_1280.jpg
제이모텔,35.15842967,129.112752,https://cdn.pixabay.com/photo/2018/06/14/21/15/bedroom-3475656_1280.jpg
웁스호텔,35.16686743,129.1156296,https://cdn.pixabay.com/photo/2018/06/14/21/15/bedroom-3475656_1280.jpg
타임모텔,35.16760387,129.116912,https://cdn.pixabay.com/photo/2018/06/14/21/15/bedroom-3475656_1280.jpg
호텔더라찌,35.15527099,129.1131799,https://cdn.pixabay.com/photo/2018/06/14/21/15/bedroom-3475656_1280.jpg
유성모텔,35.15850437,129.1138991,https://cdn.pixabay.com/photo/2018/06/14/21/15/bedroom-3475656_1280.jpg
씨티모텔,35.15905977,129.1129033,https://cdn.pixabay.com/photo/2018/06/14/21/15/bedroom-3475656_1280.jpg
몽뜨뢰모텔,35.16621774,129.1156769,https://cdn.pixabay.com/photo/2018/06/14/21/15/bedroom-3475656_1280.jpg
호텔마레,35.14857159,129.1137128,https://cdn.pixabay.com/photo/2018/06/14/21/15/bedroom-3475656_1280.jpg
썬샤인모텔,35.1464022,129.110891,https://cdn.pixabay.com/photo/2018/06/14/21/15/bedroom-3475656_1280.jpg
갤러리호텔,35.14605111,129.1105322,https://cdn.pixabay.com/photo/2018/06/14/21/15/bedroom-3475656_1280.jpg
금천모텔,35.16065961,129.1204853,https://cdn.pixabay.com/photo/2018/06/14/21/15/bedroom-3475656_1280.jpg
에이모텔,35.15587363,129.1250166,https://cdn.pixabay.com/photo/2018/06/14/21/15/bedroom-3475656_1280.jpg
마린뷰호텔,35.1541667,129.1244005,https://cdn.pixabay.com/photo/2018/06/14/21/15/bedroom-3475656_1280.jpg
오션뷰호텔,35.15398788,129.1243889,https://cdn.pixabay.com/photo/2018/06/14/21/15/bedroom-3475656_1280.jpg
에이치에비뉴호텔,35.1539705,129.1245151,https://cdn.pixabay.com/photo/2018/06/14/21/15/bedroom-3475656_1280.jpg
오션스테이호텔,35.1539705,129.1245151,https://cdn.pixabay.com/photo/2018/06/14/21/15/bedroom-3475656_1280.jpg
오션 더 포인트 호텔,35.1539705,129.1245151,https://cdn.pixabay.com/photo/2018/06/14/21/15/bedroom-3475656_1280.jpg
더베이클럽호텔,35.1539705,129.1245151,https://cdn.pixabay.com/photo/2018/06/14/21/15/bedroom-3475656_1280.jpg
오션더포인트호텔,35.1539705,129.1245151,https://cdn.pixabay.com/photo/2018/06/14/21/15/bedroom-3475656_1280.jpg
호텔디옴므,35.15396161,129.1245126,https://cdn.pixabay.com/photo/2018/06/14/21/15/bedroom-3475656_1280.jpg
넘버25호텔 광안점,35.15520167,129.124822,https://cdn.pixabay.com/photo/2018/06/14/21/15/bedroom-3475656_1280.jpg
스타호텔,35.15577556,129.1250287,https://cdn.pixabay.com/photo/2018/06/14/21/15/bedroom-3475656_1280.jpg
수변모텔,35.15522991,129.1254051,https://cdn.pixabay.com/photo/2018/06/14/21/15/bedroom-3475656_1280.jpg
와이모텔,35.1557914,129.1255746,https://cdn.pixabay.com/photo/2018/06/14/21/15/bedroom-3475656_1280.jpg
레지던스호텔 다온채,35.15770589,129.1264923,https://cdn.pixabay.com/photo/2018/06/14/21/15/bedroom-3475656_1280.jpg
비엔나모텔,35.1576917,129.1291178,https://cdn.pixabay.com/photo/2018/06/14/21/15/bedroom-3475656_1280.jpg
호텔런더너,35.15765609,129.128702,https://cdn.pixabay.com/photo/2018/06/14/21/15/bedroom-3475656_1280.jpg
거북모텔,35.1566018,129.1247382,https://cdn.pixabay.com/photo/2018/06/14/21/15/bedroom-3475656_1280.jpg
호텔메종,35.15700292,129.1255247,https://cdn.pixabay.com/photo/2018/06/14/21/15/bedroom-3475656_1280.jpg
궁모텔,35.15786102,129.1275351,https://cdn.pixabay.com/photo/2018/06/14/21/15/bedroom-3475656_1280.jpg
호텔AG405,35.15646734,129.1346184,https://cdn.pixabay.com/photo/2018/06/14/21/15/bedroom-3475656_1280.jpg
호텔헤이,35.15453083,129.1242139,https://cdn.pixabay.com/photo/2018/06/14/21/15/bedroom-3475656_1280.jpg
Q모텔,35.15484656,129.1242143,https://cdn.pixabay.com/photo/2018/06/14/21/15/bedroom-3475656_1280.jpg
아정모텔,35.15444353,129.1242293,https://cdn.pixabay.com/photo/2018/06/14/21/15/bedroom-3475656_1280.jpg
더엠모텔,35.15530936,129.124792,https://cdn.pixabay.com/photo/2018/06/14/21/15/bedroom-3475656_1280.jpg
블루밍모텔,35.1727861,129.1104005,https://cdn.pixabay.com/photo/2018/06/14/21/15/bedroom-3475656_1280.jpg
더 제니스 호텔,35.18524061,129.079743,https://cdn.pixabay.com/photo/2018/06/14/21/15/bedroom-3475656_1280.jpg
아마레호텔연산점,35.18640951,129.0786249,https://cdn.pixabay.com/photo/2018/06/14/21/15/bedroom-3475656_1280.jpg
시애틀비 호텔,35.18627897,129.0788869,https://cdn.pixabay.com/photo/2018/06/14/21/15/bedroom-3475656_1280.jpg
호텔야자 연산1호점,35.18652291,129.0783914,https://cdn.pixabay.com/photo/2018/06/14/21/15/bedroom-3475656_1280.jpg
호텔 스미스,35.186644,129.078785,https://cdn.pixabay.com/photo/2018/06/14/21/15/bedroom-3475656_1280.jpg
위드모텔,35.18724909,129.0800896,https://cdn.pixabay.com/photo/2018/06/14/21/15/bedroom-3475656_1280.jpg
엘루이모텔,35.18741013,129.079653,https://cdn.pixabay.com/photo/2018/06/14/21/15/bedroom-3475656_1280.jpg
조이모텔,35.18773513,129.0831759,https://cdn.pixabay.com/photo/2018/06/14/21/15/bedroom-3475656_1280.jpg
WABA모텔,35.18802994,129.0829077,https://cdn.pixabay.com/photo/2018/06/14/21/15/bedroom-3475656_1280.jpg
노블모텔,35.18611571,129.0833798,https://cdn.pixabay.com/photo/2018/06/14/21/15/bedroom-3475656_1280.jpg
로즈모텔,35.18641709,129.0840616,https://cdn.pixabay.com/photo/2018/06/14/21/15/bedroom-3475656_1280.jpg
궁전모텔,35.18629878,129.0839006,https://cdn.pixabay.com/photo/2018/06/14/21/15/bedroom-3475656_1280.jpg
OH모텔,35.18632534,129.1066097,https://cdn.pixabay.com/photo/2018/06/14/21/15/bedroom-3475656_1280.jpg
더킹호텔,35.18585239,129.1069609,https://cdn.pixabay.com/photo/2018/06/14/21/15/bedroom-3475656_1280.jpg
브라운도트 호텔 연산토곡점,35.18564384,129.106574,https://cdn.pixabay.com/photo/2018/06/14/21/15/bedroom-3475656_1280.jpg
호텔로이,35.18587762,129.106534,https://cdn.pixabay.com/photo/2018/06/14/21/15/bedroom-3475656_1280.jpg
연산 토곡 그레이191 호텔,35.18516296,129.1065378,https://cdn.pixabay.com/photo/2018/06/14/21/15/bedroom-3475656_1280.jpg
호텔 로이,35.18590697,129.1066112,https://cdn.pixabay.com/photo/2018/06/14/21/15/bedroom-3475656_1280.jpg
호텔오마이,35.18496721,129.1065658,https://cdn.pixabay.com/photo/2018/06/14/21/15/bedroom-3475656_1280.jpg
발리호텔,35.18739121,129.0841787,https://cdn.pixabay.com/photo/2018/06/14/21/15/bedroom-3475656_1280.jpg
아르반 시티 호텔,35.18697407,129.0833083,https://cdn.pixabay.com/photo/2018/06/14/21/15/bedroom-3475656_1280.jpg
퀸스모텔,35.18758562,129.0839292,https://cdn.pixabay.com/photo/2018/06/14/21/15/bedroom-3475656_1280.jpg
샤이어모텔,35.18675772,129.083223,https://cdn.pixabay.com/photo/2018/06/14/21/15/bedroom-3475656_1280.jpg
토마토모텔,35.18678913,129.0804045,https://cdn.pixabay.com/photo/2018/06/14/21/15/bedroom-3475656_1280.jpg
호텔더루아,35.18436118,129.0820014,https://cdn.pixabay.com/photo/2018/06/14/21/15/bedroom-3475656_1280.jpg
BNB호텔,35.1851302,129.0830607,https://cdn.pixabay.com/photo/2018/06/14/21/15/bedroom-3475656_1280.jpg
잠자리모텔,35.18553589,129.083132,https://cdn.pixabay.com/photo/2018/06/14/21/15/bedroom-3475656_1280.jpg
유아인호텔,35.18539766,129.0830986,https://cdn.pixabay.com/photo/2018/06/14/21/15/bedroom-3475656_1280.jpg
17th 호텔,35.18603202,129.0803314,https://cdn.pixabay.com/photo/2018/06/14/21/15/bedroom-3475656_1280.jpg
하운드호텔 연산,35.18606603,129.0794033,https://cdn.pixabay.com/photo/2018/06/14/21/15/bedroom-3475656_1280.jpg
다이아몬드호텔,35.18772367,129.0793516,https://cdn.pixabay.com/photo/2018/06/14/21/15/bedroom-3475656_1280.jpg
와이유모텔,35.18574096,129.0775119,https://cdn.pixabay.com/photo/2018/06/14/21/15/bedroom-3475656_1280.jpg
아이유모텔,35.18376028,129.0813862,https://cdn.pixabay.com/photo/2018/06/14/21/15/bedroom-3475656_1280.jpg
엠버스호텔,35.18394103,129.081643,https://cdn.pixabay.com/photo/2018/06/14/21/15/bedroom-3475656_1280.jpg
굿스테이 센트럴 호텔,35.1877504,129.0815451,https://cdn.pixabay.com/photo/2018/06/14/21/15/bedroom-3475656_1280.jpg
목화호텔,35.18806053,129.0806004,https://cdn.pixabay.com/photo/2018/06/14/21/15/bedroom-3475656_1280.jpg
굿타임모텔,35.18201107,129.0799161,https://cdn.pixabay.com/photo/2018/06/14/21/15/bedroom-3475656_1280.jpg
다우장모텔,35.18782844,129.0818378,https://cdn.pixabay.com/photo/2018/06/14/21/15/bedroom-3475656_1280.jpg
MU플러스모텔,35.18784311,129.0827783,https://cdn.pixabay.com/photo/2018/06/14/21/15/bedroom-3475656_1280.jpg
궁락모텔,35.1878133,129.0823481,https://cdn.pixabay.com/photo/2018/06/14/21/15/bedroom-3475656_1280.jpg
유신모텔,35.18779614,129.0825846,https://cdn.pixabay.com/photo/2018/06/14/21/15/bedroom-3475656_1280.jpg
럭스모텔,35.18783811,129.0818846,https://cdn.pixabay.com/photo/2018/06/14/21/15/bedroom-3475656_1280.jpg
동명장모텔,35.08989361,129.0380933,https://cdn.pixabay.com/photo/2018/06/14/21/15/bedroom-3475656_1280.jpg
이패션모텔,35.08983811,129.0402205,https://cdn.pixabay.com/photo/2018/06/14/21/15/bedroom-3475656_1280.jpg
행운모텔,35.09145964,129.0378228,https://cdn.pixabay.com/photo/2018/06/14/21/15/bedroom-3475656_1280.jpg
아이존모텔,35.09000841,129.0382973,https://cdn.pixabay.com/photo/2018/06/14/21/15/bedroom-3475656_1280.jpg
나인모텔,35.09030756,129.0383973,https://cdn.pixabay.com/photo/2018/06/14/21/15/bedroom-3475656_1280.jpg
항구모텔,35.09029086,129.0374537,https://cdn.pixabay.com/photo/2018/06/14/21/15/bedroom-3475656_1280.jpg
향남모텔,35.09195561,129.037582,https://cdn.pixabay.com/photo/2018/06/14/21/15/bedroom-3475656_1280.jpg
송원모텔,35.09320872,129.0391771,https://cdn.pixabay.com/photo/2018/06/14/21/15/bedroom-3475656_1280.jpg
덕수모텔,35.09270624,129.039576,https://cdn.pixabay.com/photo/2018/06/14/21/15/bedroom-3475656_1280.jpg
태성파크모텔,35.09145388,129.0390723,https://cdn.pixabay.com/photo/2018/06/14/21/15/bedroom-3475656_1280.jpg
첼로모텔,35.09149909,129.0389412,https://cdn.pixabay.com/photo/2018/06/14/21/15/bedroom-3475656_1280.jpg
노스하버호텔부산,35.09394251,129.0373614,https://cdn.pixabay.com/photo/2018/06/14/21/15/bedroom-3475656_1280.jpg
비지비미디호텔,35.09394266,129.0373709,https://cdn.pixabay.com/photo/2018/06/14/21/15/bedroom-3475656_1280.jpg
미디호텔부산,35.09401694,129.0373291,https://cdn.pixabay.com/photo/2018/06/14/21/15/bedroom-3475656_1280.jpg
한국모텔,35.09258688,129.0376703,https://cdn.pixabay.com/photo/2018/06/14/21/15/bedroom-3475656_1280.jpg
비취모텔,35.09290157,129.038664,https://cdn.pixabay.com/photo/2018/06/14/21/15/bedroom-3475656_1280.jpg
베이하운드호텔,35.09314878,129.038423,https://cdn.pixabay.com/photo/2018/06/14/21/15/bedroom-3475656_1280.jpg
신데렐라모텔,35.09149401,129.0398103,https://cdn.pixabay.com/photo/2018/06/14/21/15/bedroom-3475656_1280.jpg
오투모텔,35.091325,129.0397146,https://cdn.pixabay.com/photo/2018/06/14/21/15/bedroom-3475656_1280.jpg
우창모텔,35.09262987,129.0402645,https://cdn.pixabay.com/photo/2018/06/14/21/15/bedroom-3475656_1280.jpg
O.K모텔,35.09207357,129.041697,https://cdn.pixabay.com/photo/2018/06/14/21/15/bedroom-3475656_1280.jpg
희빈모텔,35.09109853,129.0408841,https://cdn.pixabay.com/photo/2018/06/14/21/15/bedroom-3475656_1280.jpg
E모텔,35.09096587,129.0403832,https://cdn.pixabay.com/photo/2018/06/14/21/15/bedroom-3475656_1280.jpg
녹원모텔,35.09063369,129.0413,https://cdn.pixabay.com/photo/2018/06/14/21/15/bedroom-3475656_1280.jpg
문화모텔,35.09258441,129.0406488,https://cdn.pixabay.com/photo/2018/06/14/21/15/bedroom-3475656_1280.jpg
강남모텔,35.09214121,129.0407883,https://cdn.pixabay.com/photo/2018/06/14/21/15/bedroom-3475656_1280.jpg
신원모텔,35.0924324,129.0409185,https://cdn.pixabay.com/photo/2018/06/14/21/15/bedroom-3475656_1280.jpg
모텔G2,35.06594177,129.0808537,https://cdn.pixabay.com/photo/2018/06/14/21/15/bedroom-3475656_1280.jpg
아란치모텔,35.06845251,129.0809154,https://cdn.pixabay.com/photo/2018/06/14/21/15/bedroom-3475656_1280.jpg
하얀성모텔,35.06884933,129.0814533,https://cdn.pixabay.com/photo/2018/06/14/21/15/bedroom-3475656_1280.jpg
호텔브릿지,35.09416941,129.0389774,https://cdn.pixabay.com/photo/2018/06/14/21/15/bedroom-3475656_1280.jpg
라발스호텔,35.09448004,129.0391321,https://cdn.pixabay.com/photo/2018/06/14/21/15/bedroom-3475656_1280.jpg
글랜스호텔,35.09344561,129.0388484,https://cdn.pixabay.com/photo/2018/06/14/21/15/bedroom-3475656_1280.jpg
럭셔리모텔,35.09366094,129.0393008,https://cdn.pixabay.com/photo/2018/06/14/21/15/bedroom-3475656_1280.jpg
동남모텔,35.08706736,129.041156,https://cdn.pixabay.com/photo/2018/06/14/21/15/bedroom-3475656_1280.jpg
콤마모텔,35.09842914,129.0345374,https://cdn.pixabay.com/photo/2018/06/14/21/15/bedroom-3475656_1280.jpg
더라스트호텔,35.09887569,129.0337625,https://cdn.pixabay.com/photo/2018/06/14/21/15/bedroom-3475656_1280.jpg
WA호텔,35.09904314,129.034993,https://cdn.pixabay.com/photo/2018/06/14/21/15/bedroom-3475656_1280.jpg
동산장모텔,35.10008856,129.0315649,https://cdn.pixabay.com/photo/2018/06/14/21/15/bedroom-3475656_1280.jpg
호텔모모,35.09672876,129.0354641,https://cdn.pixabay.com/photo/2018/06/14/21/15/bedroom-3475656_1280.jpg
베이202호텔,35.09892131,129.0313233,https://cdn.pixabay.com/photo/2018/06/14/21/15/bedroom-3475656_1280.jpg
스테이웰호텔,35.09793834,129.0333936,https://cdn.pixabay.com/photo/2018/06/14/21/15/bedroom-3475656_1280.jpg
미니호텔메이,35.09828341,129.032287,https://cdn.pixabay.com/photo/2018/06/14/21/15/bedroom-3475656_1280.jpg
호텔린,35.09828341,129.032287,https://cdn.pixabay.com/photo/2018/06/14/21/15/bedroom-3475656_1280.jpg
브로시스호텔,35.09859519,129.0308887,https://cdn.pixabay.com/photo/2018/06/14/21/15/bedroom-3475656_1280.jpg
대원장모텔,35.09765104,129.0313646,https://cdn.pixabay.com/photo/2018/06/14/21/15/bedroom-3475656_1280.jpg
호텔포레프리미어,35.09841612,129.0296679,https://cdn.pixabay.com/photo/2018/06/14/21/15/bedroom-3475656_1280.jpg
해변의모텔,35.09721742,129.0288311,https://cdn.pixabay.com/photo/2018/06/14/21/15/bedroom-3475656_1280.jpg
부국모텔,35.09732496,129.0286544,https://cdn.pixabay.com/photo/2018/06/14/21/15/bedroom-3475656_1280.jpg
갤러리G모텔,35.09759622,129.0289757,https://cdn.pixabay.com/photo/2018/06/14/21/15/bedroom-3475656_1280.jpg
호텔노아,35.09748192,129.0292844,https://cdn.pixabay.com/photo/2018/06/14/21/15/bedroom-3475656_1280.jpg
명성장모텔,35.09777506,129.0304758,https://cdn.pixabay.com/photo/2018/06/14/21/15/bedroom-3475656_1280.jpg
MGM호텔,35.09794813,129.026131,https://cdn.pixabay.com/photo/2018/06/14/21/15/bedroom-3475656_1280.jpg
V3모텔,35.09842696,129.0276425,https://cdn.pixabay.com/photo/2018/06/14/21/15/bedroom-3475656_1280.jpg
대광모텔,35.09698729,129.0271894,https://cdn.pixabay.com/photo/2018/06/14/21/15/bedroom-3475656_1280.jpg
오션투헤븐호텔앤스파,35.09669044,129.0266548,https://cdn.pixabay.com/photo/2018/06/14/21/15/bedroom-3475656_1280.jpg
모텔트리,35.09674413,129.0262006,https://cdn.pixabay.com/photo/2018/06/14/21/15/bedroom-3475656_1280.jpg
대성모텔,35.09661693,129.0284535,https://cdn.pixabay.com/photo/2018/06/14/21/15/bedroom-3475656_1280.jpg
호텔콘트,35.10190464,129.0314402,https://cdn.pixabay.com/photo/2018/06/14/21/15/bedroom-3475656_1280.jpg
부산관광호텔,35.10057499,129.0346015,https://cdn.pixabay.com/photo/2018/06/14/21/15/bedroom-3475656_1280.jpg
MU호텔,35.09993967,129.0342552,https://cdn.pixabay.com/photo/2018/06/14/21/15/bedroom-3475656_1280.jpg
소유호텔,35.10081706,129.0343742,https://cdn.pixabay.com/photo/2018/06/14/21/15/bedroom-3475656_1280.jpg
엘리제호텔,35.10103081,129.0339701,https://cdn.pixabay.com/photo/2018/06/14/21/15/bedroom-3475656_1280.jpg
더하운드호텔,35.10201804,129.0339878,https://cdn.pixabay.com/photo/2018/06/14/21/15/bedroom-3475656_1280.jpg
태양모텔,35.10219681,129.0345524,https://cdn.pixabay.com/photo/2018/06/14/21/15/bedroom-3475656_1280.jpg
와이티티호텔남포,35.10154966,129.0347067,https://cdn.pixabay.com/photo/2018/06/14/21/15/bedroom-3475656_1280.jpg
타워힐 호텔,35.10113477,129.0343481,https://cdn.pixabay.com/photo/2018/06/14/21/15/bedroom-3475656_1280.jpg
타워힐호텔,35.10112619,129.0342849,https://cdn.pixabay.com/photo/2018/06/14/21/15/bedroom-3475656_1280.jpg
몽베르모텔,35.10164882,129.0342524,https://cdn.pixabay.com/photo/2018/06/14/21/15/bedroom-3475656_1280.jpg
폭시모텔,35.10095843,129.0338195,https://cdn.pixabay.com/photo/2018/06/14/21/15/bedroom-3475656_1280.jpg
호텔40계단,35.10405777,129.03443,https://cdn.pixabay.com/photo/2018/06/14/21/15/bedroom-3475656_1280.jpg
보수장모텔,35.10341653,129.0263326,https://cdn.pixabay.com/photo/2018/06/14/21/15/bedroom-3475656_1280.jpg
호텔그레이,35.10373011,129.0243914,https://cdn.pixabay.com/photo/2018/06/14/21/15/bedroom-3475656_1280.jpg
보하모텔,35.10352584,129.0228674,https://cdn.pixabay.com/photo/2018/06/14/21/15/bedroom-3475656_1280.jpg
호텔빌리,35.10515918,129.0216498,https://cdn.pixabay.com/photo/2018/06/14/21/15/bedroom-3475656_1280.jpg
빌리호텔,35.10515874,129.0216415,https://cdn.pixabay.com/photo/2018/06/14/21/15/bedroom-3475656_1280.jpg
오아시스모텔,35.09920371,129.0264189,https://cdn.pixabay.com/photo/2018/06/14/21/15/bedroom-3475656_1280.jpg
유일모텔,35.09880706,129.0265285,https://cdn.pixabay.com/photo/2018/06/14/21/15/bedroom-3475656_1280.jpg
모텔리베,35.09885154,129.0266263,https://cdn.pixabay.com/photo/2018/06/14/21/15/bedroom-3475656_1280.jpg
새피아모텔,35.09896591,129.026551,https://cdn.pixabay.com/photo/2018/06/14/21/15/bedroom-3475656_1280.jpg
호텔미니,35.09876298,129.0257971,https://cdn.pixabay.com/photo/2018/06/14/21/15/bedroom-3475656_1280.jpg
헤르메스호텔,35.09922176,129.0252212,https://cdn.pixabay.com/photo/2018/06/14/21/15/bedroom-3475656_1280.jpg
굿스테이 대영 호텔,35.10110154,129.0255511,https://cdn.pixabay.com/photo/2018/06/14/21/15/bedroom-3475656_1280.jpg
호텔마르쉐,35.10023763,129.0252913,https://cdn.pixabay.com/photo/2018/06/14/21/15/bedroom-3475656_1280.jpg
호텔보브,35.10022128,129.0248422,https://cdn.pixabay.com/photo/2018/06/14/21/15/bedroom-3475656_1280.jpg
지앤비호텔,35.10123942,129.0248185,https://cdn.pixabay.com/photo/2018/06/14/21/15/bedroom-3475656_1280.jpg
오륙도모텔,35.10077538,129.0239775,https://cdn.pixabay.com/photo/2018/06/14/21/15/bedroom-3475656_1280.jpg
힐사이드관광호텔,35.10923822,129.0359654,https://cdn.pixabay.com/photo/2018/06/14/21/15/bedroom-3475656_1280.jpg
코모도호텔,35.10917144,129.035458,https://cdn.pixabay.com/photo/2018/06/14/21/15/bedroom-3475656_1280.jpg
G호텔,35.10905006,129.0359224,https://cdn.pixabay.com/photo/2018/06/14/21/15/bedroom-3475656_1280.jpg
배러댄와플센트럴파크호텔,35.10050339,129.0359479,https://cdn.pixabay.com/photo/2018/06/14/21/15/bedroom-3475656_1280.jpg
센트럴파크호텔,35.10051662,129.035957,https://cdn.pixabay.com/photo/2018/06/14/21/15/bedroom-3475656_1280.jpg
크라운하버호텔,35.10756227,129.0367993,https://cdn.pixabay.com/photo/2018/06/14/21/15/bedroom-3475656_1280.jpg
뉴브이모텔,35.11004531,129.0378742,https://cdn.pixabay.com/photo/2018/06/14/21/15/bedroom-3475656_1280.jpg
그레이194호텔,35.10855875,129.0376377,https://cdn.pixabay.com/photo/2018/06/14/21/15/bedroom-3475656_1280.jpg
비센트호텔,35.1107605,129.0392706,https://cdn.pixabay.com/photo/2018/06/14/21/15/bedroom-3475656_1280.jpg
반달호텔,35.10603221,129.0351503,https://cdn.pixabay.com/photo/2018/06/14/21/15/bedroom-3475656_1280.jpg
커넥트부산호텔,35.10044601,129.0373871,https://cdn.pixabay.com/photo/2018/06/14/21/15/bedroom-3475656_1280.jpg
플래티넘호텔,35.09903456,129.0304808,https://cdn.pixabay.com/photo/2018/06/14/21/15/bedroom-3475656_1280.jpg
플래티늄호텔,35.09903754,129.0304798,https://cdn.pixabay.com/photo/2018/06/14/21/15/bedroom-3475656_1280.jpg
호텔아벤트리부산,35.09980908,129.0295783,https://cdn.pixabay.com/photo/2018/06/14/21/15/bedroom-3475656_1280.jpg
동원모텔,35.23219692,129.1538751,https://cdn.pixabay.com/photo/2018/06/14/21/15/bedroom-3475656_1280.jpg
수복장모텔,35.22944236,129.1485525,https://cdn.pixabay.com/photo/2018/06/14/21/15/bedroom-3475656_1280.jpg
인호텔,35.23272662,129.1553963,https://cdn.pixabay.com/photo/2018/06/14/21/15/bedroom-3475656_1280.jpg
은재모텔,35.23231333,129.1544872,https://cdn.pixabay.com/photo/2018/06/14/21/15/bedroom-3475656_1280.jpg
GO모텔,35.18207529,129.2057631,https://cdn.pixabay.com/photo/2018/06/14/21/15/bedroom-3475656_1280.jpg
여우비호텔,35.1824337,129.205479,https://cdn.pixabay.com/photo/2018/06/14/21/15/bedroom-3475656_1280.jpg
올라호텔,35.17686458,129.1968053,https://cdn.pixabay.com/photo/2018/06/14/21/15/bedroom-3475656_1280.jpg
플레르 호텔,35.17535999,129.195939,https://cdn.pixabay.com/photo/2018/06/14/21/15/bedroom-3475656_1280.jpg
호텔홍단,35.18177008,129.205342,https://cdn.pixabay.com/photo/2018/06/14/21/15/bedroom-3475656_1280.jpg
호텔가인,35.18191786,129.2051625,https://cdn.pixabay.com/photo/2018/06/14/21/15/bedroom-3475656_1280.jpg
호텔하루,35.18416673,129.2028007,https://cdn.pixabay.com/photo/2018/06/14/21/15/bedroom-3475656_1280.jpg
마리나모텔,35.18338289,129.2044801,https://cdn.pixabay.com/photo/2018/06/14/21/15/bedroom-3475656_1280.jpg
호텔데이즈A,35.18311934,129.20516,https://cdn.pixabay.com/photo/2018/06/14/21/15/bedroom-3475656_1280.jpg
호텔데이즈B,35.18307836,129.2048627,https://cdn.pixabay.com/photo/2018/06/14/21/15/bedroom-3475656_1280.jpg
송정호텔블루캐슬,35.18102927,129.2011106,https://cdn.pixabay.com/photo/2018/06/14/21/15/bedroom-3475656_1280.jpg
송정호텔젬,35.182738,129.2053497,https://cdn.pixabay.com/photo/2018/06/14/21/15/bedroom-3475656_1280.jpg
보라카이모텔,35.18245236,129.2051461,https://cdn.pixabay.com/photo/2018/06/14/21/15/bedroom-3475656_1280.jpg
감동호텔,35.18250807,129.2046925,https://cdn.pixabay.com/photo/2018/06/14/21/15/bedroom-3475656_1280.jpg
아이엠호텔,35.18259568,129.2052574,https://cdn.pixabay.com/photo/2018/06/14/21/15/bedroom-3475656_1280.jpg
코코호텔,35.1822415,129.205305,https://cdn.pixabay.com/photo/2018/06/14/21/15/bedroom-3475656_1280.jpg
나무늘보호텔 송정점,35.18082502,129.2025055,https://cdn.pixabay.com/photo/2018/06/14/21/15/bedroom-3475656_1280.jpg
송정호텔,35.18109984,129.2030877,https://cdn.pixabay.com/photo/2018/06/14/21/15/bedroom-3475656_1280.jpg
호텔S,35.1806618,129.2019498,https://cdn.pixabay.com/photo/2018/06/14/21/15/bedroom-3475656_1280.jpg
베이 호텔,35.18403108,129.200469,https://cdn.pixabay.com/photo/2018/06/14/21/15/bedroom-3475656_1280.jpg
쇼호텔,35.16230504,129.1575042,https://cdn.pixabay.com/photo/2018/06/14/21/15/bedroom-3475656_1280.jpg
오즈미니호텔,35.16222209,129.1589639,https://cdn.pixabay.com/photo/2018/06/14/21/15/bedroom-3475656_1280.jpg
하운드호텔 해운대,35.16102708,129.156787,https://cdn.pixabay.com/photo/2018/06/14/21/15/bedroom-3475656_1280.jpg
하운드 가든&테라스 호텔,35.16116956,129.1570419,https://cdn.pixabay.com/photo/2018/06/14/21/15/bedroom-3475656_1280.jpg
에스원호텔,35.16141023,129.1575528,https://cdn.pixabay.com/photo/2018/06/14/21/15/bedroom-3475656_1280.jpg
소사이어티호텔,35.16163198,129.1578001,https://cdn.pixabay.com/photo/2018/06/14/21/15/bedroom-3475656_1280.jpg
더비치호텔,35.16222614,129.158372,https://cdn.pixabay.com/photo/2018/06/14/21/15/bedroom-3475656_1280.jpg
SC헬싱키호텔,35.16197419,129.1579602,https://cdn.pixabay.com/photo/2018/06/14/21/15/bedroom-3475656_1280.jpg
JB디자인호텔,35.16169342,129.1580468,https://cdn.pixabay.com/photo/2018/06/14/21/15/bedroom-3475656_1280.jpg
준호텔,35.16206866,129.1586859,https://cdn.pixabay.com/photo/2018/06/14/21/15/bedroom-3475656_1280.jpg
티스테이모텔,35.16159442,129.1588767,https://cdn.pixabay.com/photo/2018/06/14/21/15/bedroom-3475656_1280.jpg
더베이호텔,35.16149183,129.1580662,https://cdn.pixabay.com/photo/2018/06/14/21/15/bedroom-3475656_1280.jpg
싼타페모텔,35.16165786,129.1590374,https://cdn.pixabay.com/photo/2018/06/14/21/15/bedroom-3475656_1280.jpg
폭시호텔,35.16123327,129.1583219,https://cdn.pixabay.com/photo/2018/06/14/21/15/bedroom-3475656_1280.jpg
미호텔,35.16178131,129.1591869,https://cdn.pixabay.com/photo/2018/06/14/21/15/bedroom-3475656_1280.jpg
게리쿠퍼호텔,35.16201956,129.1590388,https://cdn.pixabay.com/photo/2018/06/14/21/15/bedroom-3475656_1280.jpg
산타페모텔,35.16167014,129.1590427,https://cdn.pixabay.com/photo/2018/06/14/21/15/bedroom-3475656_1280.jpg
그레이그라운드호텔,35.16126217,129.1587203,https://cdn.pixabay.com/photo/2018/06/14/21/15/bedroom-3475656_1280.jpg
인디호텔게스트하우스,35.16121109,129.1585988,https://cdn.pixabay.com/photo/2018/06/14/21/15/bedroom-3475656_1280.jpg
인더스트리호텔,35.16161012,129.1593238,https://cdn.pixabay.com/photo/2018/06/14/21/15/bedroom-3475656_1280.jpg
포유호텔,35.16109412,129.1583311,https://cdn.pixabay.com/photo/2018/06/14/21/15/bedroom-3475656_1280.jpg
로드비치호텔,35.16113224,129.1596491,https://cdn.pixabay.com/photo/2018/06/14/21/15/bedroom-3475656_1280.jpg
호텔여우비,35.16212552,129.1580153,https://cdn.pixabay.com/photo/2018/06/14/21/15/bedroom-3475656_1280.jpg
발렌타인호텔,35.16174061,129.1571746,https://cdn.pixabay.com/photo/2018/06/14/21/15/bedroom-3475656_1280.jpg
해운대블루호텔,35.16246257,129.158409,https://cdn.pixabay.com/photo/2018/06/14/21/15/bedroom-3475656_1280.jpg
호텔브릭스,35.16201327,129.1576345,https://cdn.pixabay.com/photo/2018/06/14/21/15/bedroom-3475656_1280.jpg
해운대비지니스호텔S,35.16165591,129.1569802,https://cdn.pixabay.com/photo/2018/06/14/21/15/bedroom-3475656_1280.jpg
파크하얏트부산호텔,35.15653218,129.1417635,https://cdn.pixabay.com/photo/2018/06/14/21/15/bedroom-3475656_1280.jpg
센텀프리미어호텔,35.16686698,129.1314749,https://cdn.pixabay.com/photo/2018/06/14/21/15/bedroom-3475656_1280.jpg
해운대센텀호텔,35.1678464,129.1328184,https://cdn.pixabay.com/photo/2018/06/14/21/15/bedroom-3475656_1280.jpg
호텔메리케이센텀,35.1678107,129.1328178,https://cdn.pixabay.com/photo/2018/06/14/21/15/bedroom-3475656_1280.jpg
에이치스테이호텔,35.16275601,129.1583257,https://cdn.pixabay.com/photo/2018/06/14/21/15/bedroom-3475656_1280.jpg
ONDA모텔,35.16026932,129.1588132,https://cdn.pixabay.com/photo/2018/06/14/21/15/bedroom-3475656_1280.jpg
피카소 모텔,35.16068899,129.1571747,https://cdn.pixabay.com/photo/2018/06/14/21/15/bedroom-3475656_1280.jpg
노엘비지니스호텔,35.16046232,129.1585259,https://cdn.pixabay.com/photo/2018/06/14/21/15/bedroom-3475656_1280.jpg
클럽호텔,35.16074134,129.1568937,https://cdn.pixabay.com/photo/2018/06/14/21/15/bedroom-3475656_1280.jpg
JJINN호텔,35.16049921,129.1582682,https://cdn.pixabay.com/photo/2018/06/14/21/15/bedroom-3475656_1280.jpg
"더블유모텔, 부산 해운대구 해운대로59번가길 4",35.16079838,129.1566393,https://cdn.pixabay.com/photo/2018/06/14/21/15/bedroom-3475656_1280.jpg
피카소모텔,35.1606916,129.1571753,https://cdn.pixabay.com/photo/2018/06/14/21/15/bedroom-3475656_1280.jpg
플로스호텔,35.16077836,129.1591158,https://cdn.pixabay.com/photo/2018/06/14/21/15/bedroom-3475656_1280.jpg
호텔오,35.16121844,129.1591807,https://cdn.pixabay.com/photo/2018/06/14/21/15/bedroom-3475656_1280.jpg
그린나래호텔,35.15902463,129.1568472,https://cdn.pixabay.com/photo/2018/06/14/21/15/bedroom-3475656_1280.jpg
더반호텔,35.15923553,129.1538904,https://cdn.pixabay.com/photo/2018/06/14/21/15/bedroom-3475656_1280.jpg
호텔인트로,35.15903501,129.1534684,https://cdn.pixabay.com/photo/2018/06/14/21/15/bedroom-3475656_1280.jpg
호텔109,35.15930346,129.1533196,https://cdn.pixabay.com/photo/2018/06/14/21/15/bedroom-3475656_1280.jpg
아크블루호텔,35.15957826,129.1565465,https://cdn.pixabay.com/photo/2018/06/14/21/15/bedroom-3475656_1280.jpg
라빈모텔,35.1598604,129.1549747,https://cdn.pixabay.com/photo/2018/06/14/21/15/bedroom-3475656_1280.jpg
오뜨호텔,35.15957568,129.1563662,https://cdn.pixabay.com/photo/2018/06/14/21/15/bedroom-3475656_1280.jpg
베이몬드호텔,35.15956148,129.1567516,https://cdn.pixabay.com/photo/2018/06/14/21/15/bedroom-3475656_1280.jpg
오뜨바다전망호텔,35.15958261,129.1563668,https://cdn.pixabay.com/photo/2018/06/14/21/15/bedroom-3475656_1280.jpg
오렌지호텔,35.15965598,129.1543961,https://cdn.pixabay.com/photo/2018/06/14/21/15/bedroom-3475656_1280.jpg
바게트호텔,35.15961576,129.1538289,https://cdn.pixabay.com/photo/2018/06/14/21/15/bedroom-3475656_1280.jpg
해운대호텔 모모쥬스,35.15948763,129.1542391,https://cdn.pixabay.com/photo/2018/06/14/21/15/bedroom-3475656_1280.jpg
호텔아라,35.16001194,129.1552197,https://cdn.pixabay.com/photo/2018/06/14/21/15/bedroom-3475656_1280.jpg
이스턴베이호텔,35.1601764,129.1560435,https://cdn.pixabay.com/photo/2018/06/14/21/15/bedroom-3475656_1280.jpg
씨모텔,35.15967921,129.1563971,https://cdn.pixabay.com/photo/2018/06/14/21/15/bedroom-3475656_1280.jpg
호텔블루스토리해운대,35.15990716,129.1574821,https://cdn.pixabay.com/photo/2018/06/14/21/15/bedroom-3475656_1280.jpg
클라우드나인호텔,35.16074774,129.1597387,https://cdn.pixabay.com/photo/2018/06/14/21/15/bedroom-3475656_1280.jpg
2NE1호텔,35.16045191,129.1599176,https://cdn.pixabay.com/photo/2018/06/14/21/15/bedroom-3475656_1280.jpg
호텔포레 프리미어 해운대점,35.16069322,129.1602565,https://cdn.pixabay.com/photo/2018/06/14/21/15/bedroom-3475656_1280.jpg
호텔투애니원,35.16037928,129.1598817,https://cdn.pixabay.com/photo/2018/06/14/21/15/bedroom-3475656_1280.jpg
뉴프린스모텔,35.18636702,129.1214604,https://cdn.pixabay.com/photo/2018/06/14/21/15/bedroom-3475656_1280.jpg
일월모텔,35.18649829,129.1216827,https://cdn.pixabay.com/photo/2018/06/14/21/15/bedroom-3475656_1280.jpg
제우스모텔,35.18570332,129.1221566,https://cdn.pixabay.com/photo/2018/06/14/21/15/bedroom-3475656_1280.jpg
센텀J모텔,35.18652236,129.1220328,https://cdn.pixabay.com/photo/2018/06/14/21/15/bedroom-3475656_1280.jpg
넘버25 호텔 센텀점 시그니처,35.18378284,129.1219274,https://cdn.pixabay.com/photo/2018/06/14/21/15/bedroom-3475656_1280.jpg
재송동 더히트호텔,35.1845567,129.1226994,https://cdn.pixabay.com/photo/2018/06/14/21/15/bedroom-3475656_1280.jpg
M6모텔,35.18393187,129.1228827,https://cdn.pixabay.com/photo/2018/06/14/21/15/bedroom-3475656_1280.jpg
No1모텔,35.18418326,129.1224776,https://cdn.pixabay.com/photo/2018/06/14/21/15/bedroom-3475656_1280.jpg
유모텔,35.18375127,129.1225537,https://cdn.pixabay.com/photo/2018/06/14/21/15/bedroom-3475656_1280.jpg
자라모텔,35.18385498,129.1224579,https://cdn.pixabay.com/photo/2018/06/14/21/15/bedroom-3475656_1280.jpg
마리포사모텔,35.1837539,129.122849,https://cdn.pixabay.com/photo/2018/06/14/21/15/bedroom-3475656_1280.jpg
더제니스모텔,35.18390448,129.1232516,https://cdn.pixabay.com/photo/2018/06/14/21/15/bedroom-3475656_1280.jpg
호텔안,35.16917634,129.1766659,https://cdn.pixabay.com/photo/2018/06/14/21/15/bedroom-3475656_1280.jpg
라비드아틀란호텔,35.16112987,129.161492,https://cdn.pixabay.com/photo/2018/06/14/21/15/bedroom-3475656_1280.jpg
엘리시아부티크호텔,35.16017701,129.1621924,https://cdn.pixabay.com/photo/2018/06/14/21/15/bedroom-3475656_1280.jpg
베스트웨스턴 해운대호텔,35.16043412,129.1611559,https://cdn.pixabay.com/photo/2018/06/14/21/15/bedroom-3475656_1280.jpg
선셋비즈니스호텔,35.16012894,129.1614115,https://cdn.pixabay.com/photo/2018/06/14/21/15/bedroom-3475656_1280.jpg
리베로호텔,35.16224606,129.1612075,https://cdn.pixabay.com/photo/2018/06/14/21/15/bedroom-3475656_1280.jpg
송도각모텔,35.16165104,129.1662073,https://cdn.pixabay.com/photo/2018/06/14/21/15/bedroom-3475656_1280.jpg
해운온천대중탕모텔,35.1618893,129.1659015,https://cdn.pixabay.com/photo/2018/06/14/21/15/bedroom-3475656_1280.jpg
선트리호텔,35.15950146,129.1832134,https://cdn.pixabay.com/photo/2018/06/14/21/15/bedroom-3475656_1280.jpg
일루아호텔,35.1588957,129.1745088,https://cdn.pixabay.com/photo/2018/06/14/21/15/bedroom-3475656_1280.jpg
휘겔리 호텔,35.15843573,129.1719166,https://cdn.pixabay.com/photo/2018/06/14/21/15/bedroom-3475656_1280.jpg
전망좋은모텔,35.15928002,129.1704371,https://cdn.pixabay.com/photo/2018/06/14/21/15/bedroom-3475656_1280.jpg
미포오션사이드호텔,35.15886649,129.1705914,https://cdn.pixabay.com/photo/2018/06/14/21/15/bedroom-3475656_1280.jpg
해운대비치모텔,35.15759013,129.1728957,https://cdn.pixabay.com/photo/2018/06/14/21/15/bedroom-3475656_1280.jpg
문탠모텔,35.16165485,129.163359,https://cdn.pixabay.com/photo/2018/06/14/21/15/bedroom-3475656_1280.jpg
가든모텔,35.16162998,129.1628325,https://cdn.pixabay.com/photo/2018/06/14/21/15/bedroom-3475656_1280.jpg
파도소리모텔,35.16220979,129.1639483,https://cdn.pixabay.com/photo/2018/06/14/21/15/bedroom-3475656_1280.jpg
호텔카멜리아,35.15982977,129.1610982,https://cdn.pixabay.com/photo/2018/06/14/21/15/bedroom-3475656_1280.jpg
피앤에스호텔,35.16206728,129.1645234,https://cdn.pixabay.com/photo/2018/06/14/21/15/bedroom-3475656_1280.jpg
썬클라우드호텔,35.16044386,129.162247,https://cdn.pixabay.com/photo/2018/06/14/21/15/bedroom-3475656_1280.jpg
페어필드바이메리어트부산호텔,35.16164084,129.1648446,https://cdn.pixabay.com/photo/2018/06/14/21/15/bedroom-3475656_1280.jpg
MS호텔,35.15982522,129.1611269,https://cdn.pixabay.com/photo/2018/06/14/21/15/bedroom-3475656_1280.jpg
베니키아호텔해운대,35.16227613,129.1648421,https://cdn.pixabay.com/photo/2018/06/14/21/15/bedroom-3475656_1280.jpg
마리안느호텔,35.16149357,129.1646175,https://cdn.pixabay.com/photo/2018/06/14/21/15/bedroom-3475656_1280.jpg
파라다이스호텔,35.1602357,129.1652644,https://cdn.pixabay.com/photo/2018/06/14/21/15/bedroom-3475656_1280.jpg
코오롱 씨클라우드 호텔,35.16042446,129.162123,https://cdn.pixabay.com/photo/2018/06/14/21/15/bedroom-3475656_1280.jpg
골든튤립해운대호텔&스위트,35.16226142,129.1658725,https://cdn.pixabay.com/photo/2018/06/14/21/15/bedroom-3475656_1280.jpg
토요코인호텔 해운대2,35.15950695,129.1573545,https://cdn.pixabay.com/photo/2018/06/14/21/15/bedroom-3475656_1280.jpg
호텔 더 마크 해운대,35.16097077,129.1668835,https://cdn.pixabay.com/photo/2018/06/14/21/15/bedroom-3475656_1280.jpg
해운대센트럴호텔,35.16095778,129.1672641,https://cdn.pixabay.com/photo/2018/06/14/21/15/bedroom-3475656_1280.jpg
해운대 영무파라드호텔,35.16089956,129.1664824,https://cdn.pixabay.com/photo/2018/06/14/21/15/bedroom-3475656_1280.jpg
