흰여울문화마을,자연,바다,문화예술마을,흰여울문화마을,바다풍경,절영해안산책로,절벽,계단,골목길,휴가,추천여행,원도심투어
깡깡이 예술마을,부산여행,영도여행,부산원도심,깡깡이예술마을,예술마을,조선소마을,이색체험,원도심투어
국립해양박물관,부산여행,박물관,체험학습,실내여행지,경치좋은곳,사계절,국립해양박물관,어린이박물관,가족나들이,영도여행,아이와함께
태종대,부산여행,태종대,해안절경,다누비열차,부산데이트코스,가족과함께,인생샷,영도등대,등대투어,뷰포인트,지질공원,지질명소,부산국가지질공원,유네스코세계지질공원
죽성성당,포토스폿,부산여행,죽성성당,부산핫플레이스,죽성드림세트장,부산데이트코스,기장죽성성당,바다풍경,드라이브코스,기장해안산책로,뷰포인트,바다여행,연인과함께,경치좋은곳,감성사진
아홉산 숲,부산여행,아홉산숲,대나무숲,기장가볼만한곳,부산데이트,아홉산숲산책로,부산영화촬영지,주말여행지,인생샷,친구와함께,연인과함께
해동용궁사 ,부산,자연,해동용궁사,사찰,부산여행,기장여행,바다풍경,해안절경,일출명소,해안산책로,해파랑길,갈맷길,국립수산과학원,추천여행,데이트코스,뷰포인트,가족여행,연인과함께,친구와함께,지질공원,지질명소,부산국가지질공원,유네스코세계지질공원
임랑해수욕장,임랑해수욕장,기장여행,부산여행,부산가볼만한곳,해수욕장,여름국내여행지,바다여행,드라이브코스,가족여행,친구와함께,연인과함께
문화공감 수정,부산원도심,초량카페,문화공감수정,초량1941,일본식가옥,초량이바구길,부산카페,부산여행,부산가볼만한곳,힐링,근대문화,핫플레이스,포토스폿,원도심투어
일광해수욕장,부산바다,일광해수욕장,기장여행,부산여행,부산가볼만한곳,해수욕장,여름국내여행지,바캉스,물놀이,부산명소,해양레포츠,바다여행
구 백제병원,부산여행,부산역,초량이바구길,부산최초,근대식종합병원,백제병원,원도심투어,친구와함께,연인과함께
백산기념관,부산여행,부산원도심,독립운동,백산상회,백산기념관,원도심투어
한성1918 부산생활문화센터,부산여행,부산원도심,한성은행,한성1918,문화공간,부산생활문화센터,원도심투어
조선통신사역사관,부산여행,가족여행,아이와함께,자성대,조선통신사,조선통신사역사관,축제,부산가볼만한곳,역사여행
부산해양자연사박물관,부산여행,자연,공원,금강공원,금강식물원,부산공원,케이블카,부산민속예술관,부산해양자연사박물관,소풍,산책,힐링,아이와함께,연인과함께,가족여행
부산근대역사관,부산여행,대청동,박물관,부산근대역사관,일제강점기,동양척식주식회사,부산문화원,역사,원도심투어,부산가볼만한곳,아이와함께
보수동책방골목,부산,보수동,보수동책방골목,문화마을,책,서점,골목길,벽화,아날로그,중고서점,추억,계단,추천여행,원도심투어,레트로,혼자가는여행,부산여행,부산가볼만한곳
임시수도기념관,부산,부민동,임시수도기념관,6·25전쟁,한국전쟁,피란수도,임시정부,근대,추억,시간여행,추천여행,원도심투어,부산여행,부산가볼만한곳,아이와함께
동아대석당박물관,부산여행,박물관,동아대박물관,석당박물관,보물,문화재,동아대학교,부민캠퍼스,실내데이트,아이와함께,임시수도정부청사,원도심투어
국립일제강제동원역사관,부산,박물관,국립일제강제동원역사관,강제동원,일본,역사,식민지,슬픔,위로,추천여행
부산박물관,부산여행,부산박물관,부산역사,부산문화재,부산유물,가족나들이,대연동데이트,부산관광,박물관,실내여행지,아이와함께
유엔기념공원,부산여행,부산가볼만한곳,부산명소,근현대사,기념관,전시관,테마여행,부모님과함께,친구와함께,연인과함께,아이와함께,혼자가는여행,가족여행,역사여행,역사문화체험,부산이색여행,부산도심투어,산책로,유엔기념공원,유엔평화기념관,평화공원,유엔조각공원,이달의부산여행,11월부산여행
오륙도,부산여행,부산명소,오륙도,오륙도스카이워크,부산가볼만한곳,부산데이트코스,해안산책로,추천여행,트레킹코스,뷰포인트,지질공원,지질명소,부산국가지질공원,유네스코세계지질공원
신선대,신선대,부산신선대,부산가볼만한곳,부산여행,부산명소,부산데이트코스,부산여행코스추천,트레킹코스,부산이기대,부산야경,부산출사,야경출사,벚꽃명소,포토스폿
송정해수욕장,부산,송정해수욕장,죽도공원,바다,서핑,공원,산책,바람,힐링,관광,휴가,추천여행,가족여행,포토스폿,인생샷,바다여행
힐튼부산 이터널저니,부산여행,기장군,기장힐튼부산,이터널저니,기장가볼만한곳,부산힐튼호텔서점,아난티코브,드라이브코스,해안산책로
스카이워크 시리즈,오륙도,송도,청사포,오륙도스카이워크,송도구름산책로,부산가볼만한곳,부산여행,부산명소,부산스카이워크,청사포다릿돌전망대,뷰포인트,포토스폿
민락수변공원,부산여행,민락수변공원,수변공원,밤바다,부산바다,부산광안리,광안리바다,민락회타운,가족여행,부산불꽃축제,연인과함께,친구와함께,포토스폿
송도해수욕장,부산여행,부산가볼만한곳,전망좋은곳,산책하기좋은곳,힐링,핫플레이스,부산명소,해안절경,자연,바다,산책로,부모님과함께,친구와함께,송도해수욕장,송도용궁구름다리,암남공원,이달의부산여행,7월부산여행,지질공원,지질명소,부산국가지질공원,유네스코세계지질공원
아미산전망대,부산,다대동,아미산전망대,전망대,다대포해수욕장,낙동강,철새,산책,힐링,자연,휴가,추천여행,부산여행,뷰포인트
아미동 비석마을,부산,부산여행,아미동,비석문화마을,일제강점기,한국전쟁,시간,추억,골목,산책,관광,휴가,추천여행,피난민,역사여행,감천문화마을,원도심투어
부산시립미술관,부산여행,미술관,부산시립미술관,실내여행지,문화시설,전시관
오랑대공원,부산여행,바다,기장바다,기장가볼만한곳,드라이브코스,해안산책로,일출명소,캠핑,가족과함께,바다여행,지질공원,지질명소,부산국가지질공원,유네스코세계지질공원
국립수산과학관,부산여행,전시관,수산과학관,해안절경,해안산책로,실내여행,이색체험,아이와함께,부산가볼만한곳
요산문학관,부산여행,남산동,문화시설,문학관,요산문학관,김정한,부산가볼만한곳,아이와함께,나홀로여행
박차정의사 생가,부산여행,독립운동,의열단,박차정의사생가,동래역사여행,여성독립운동가
우장춘 기념관,부산여행,기념관,우장춘기념관,아이와함께,체험학습,청소년학습장
누리바라기전망대,부산여행,부산가볼만한곳,천마산,천마산로,누리바라기전망대,부산전망대,원도심여행,산복도로,원도심투어
최민식갤러리,부산여행,아미문화학습관,갤러리,최민식갤러리,피란민,사진작가,최민식,원도심투어,원도심여행
수영사적공원,부산여행,공원,수영사적공원,역사여행,산책,아이와함께,수영야류,망리단길,F1963
부산기상관측소,부산여행,부산기상관측소,근대건축물,아이와함께,전망좋은곳,역사여행,원도심투어
을숙도,부산여행,부산가볼만한곳,부산여행코스,부산명소,낙동강,을숙도,부산데이트코스,을숙도생태공원,부산갈맷길,낙동강하구에코센터,일몰명소,아이와함께,친구와함께
부산시청자미디어센터,부산여행,부산시청자미디어센터,개인미디어체험,어린이체험,방학체험,무료체험
구포어린이교통공원,부산여행,부산가볼만한곳,아이와함께,교통공원,구포어린이교통공원,가족여행,이색체험,체험학습,주말나들이,교육,어린이체험
부산솔로몬로파크,부산여행,부산가볼만한곳,솔로몬로파크,이색체험,아이와함께,가족과함께,체험학습,가족여행,체험관
부산어촌민속관,부산여행,박물관,부산어촌민속관,아이와함께,이색체험,부산가볼만한곳
삼락생태공원,부산여행,부산가볼만한곳,가족과함께,연인과함께,삼락생태공원,유채꽃,벚꽃,연꽃단지,야생화,벚꽃축제,유채꽃축제,레저,야외수영장,캠핑장,수상레포츠,부산데이트코스,포토스폿
암남공원,부산여행,부산가볼만한곳,전망좋은곳,산책하기좋은곳,힐링,핫플레이스,부산명소,해안절경,자연,바다,산책로,부모님과함께,친구와함께,송도해수욕장,송도용궁구름다리,암남공원,이달의부산여행,7월부산여행,지질공원,지질명소,부산국가지질공원,유네스코세계지질공원
장림포구 ,부산,장림포구,부네치아,항구,포구,사진,출사,어촌,선착장,이탈리아,베네치아,데이트,산책,인생9컷,어묵,연인과함께,부산여행,부산이색여행,핫플레이스
가덕도,부산,섬,자연,가덕도,가덕도등대,벽화마을,정거마을,외양포,대항마을,성,일제강점기,동굴,역사여행,문화,추천여행,부산여행,포토스폿
렛츠런파크 부산경남,부산여행,공원,피크닉,렛츠런파크,렛츠런파크부산경남,말,경마장,승마,승마체험,테마파크,이색체험,부산데이트코스,가족과함께,아이와함께,연인과함께
국립부산과학관,부산여행,과학,체험,어린이,아이와함께,자동차,항공,우주,선박,에너지,방사선
송상현광장,부산,송상현광장,복합문화공간,도심광장,야외공연장,메타세쿼이아,산책로,산책하기좋은곳
어린이대공원,자연,산,백양산,어린이대공원,산악자전거,등산,산책,취미,관광,휴가,추천산,추천여행,부산여행,자연여행,트레킹,경치좋은곳,힐링,뷰포인트,포토스폿,지질공원,지질명소,부산국가지질공원,유네스코세계지질공원
국립부산국악원,부산여행,공연장,국악,국립부산국악원,부산가볼만한곳
삼광사,부산여행,사찰,삼광사,부처님오신날,연등축제,부산가볼만한곳,산책하기좋은곳,부모님과함께
청사포와 미포,부산여행,부산바다,바다풍경,힐링,추천여행,부산데이트코스,가족과함께,친구와함께,청사포,미포,철길,어촌,등대,카페,벽화,벽화마을,포토스폿,바다여행
뮤지엄다,부산여행,해운대,부산가볼만한곳,전시관,뮤지엄다,미술관,미디어미술관,미디어아트,부산데이트코스,아이와함께,친구와함께,이색체험,감성사진,인생샷,포토스폿
부산시민공원,부산여행,공원,소풍,피크닉,연인과함께,가족과함께,친구와함께,휴식,나들이,산책,힐링,펫트립,부산시민공원,하야리아부대,포토스폿
호천마을,부산여행,원도심투어,걷기여행,레트로,호천마을,쌈마이웨이,야경,부산야경,산복도로,사진,데이트,호천문화플랫폼,남일바,덕후투어
봉래산,부산여행,부산명소,부산이색여행,부산가볼만한곳,문화여행,역사여행,도시재생마을,봉산마을,이색체험,걷기여행,원도심투어,골목투어,도심풍경,바다풍경,사계절,당일여행,나홀로여행,뚜벅이여행,걷기길,포토스폿,인증샷,친구와함께,연인과함께,가족여행,이달의부산여행,11월부산여행
영화의 거리,부산여행,부산가볼만한곳,테마거리,영화의거리,산책,부산데이트코스,경치좋은곳,나홀로여행,아이와함께
APEC나루공원,부산여행,부산가볼만한곳,공원,수변공원,조각공원,APEC나루공원,산책,조깅,자전거,걷기여행,아이와함께,연인과함께
40계단,부산,동광동,40계단,40계단문화관광테마거리,40계단문화관,한국전쟁,피란,역사여행,추억여행,골목,계단,관광,휴가,추천여행,부산여행,아이와함께,원도심투어
감천문화마을,부산여행,감천문화마을,산복도로,부산가볼만한곳,감천낭만한복,부산여행코스,랜드마크,부산명소,부산관광코스,부산게스트하우스,한국마추픽추,부산야경,원도심투어,인생샷
다대포 해수욕장,부산여행,다대포낙조분수,부산데이트코스,부산가볼만한곳,다대포해수욕장,부산해수욕장,부산낙조,친구와함께,아이와함께,가족과함께,자연,뷰포인트,포토스폿,바다여행,지질공원,지질명소,부산국가지질공원,유네스코세계지질공원
부산영화체험박물관,부산여행,트릭아이뮤지엄부산,부산영화체험박물관,부산실내여행,이색데이트,아이와함께,이색체험,친구와함께,인생샷,부산데이트코스,부산가볼만한곳,포토스폿
용두산공원,부산,부산여행,용두산공원,부산타워,랜드마크,부산야경,관광코스,가족여행,추천여행,전망좋은곳,힐링,친구와함께,트릭아트,원도심투어,연인과함께,사계절,데이트코스,포토스폿
영도다리,부산여행,영도대교,영도대교역사,일제강점기,영도,영도여행,도개교,영도다리도개시간,피난민,이산가족,한국전쟁,부산영도,부산추억,역사여행,부산대교,원도심투어
중앙공원,부산여행,부산가볼만한곳,부산명소,부산드라이브코스,민주공원,4.19민주혁명,부마민주항쟁,6.10민주항쟁,충혼탑,민주공원겹벚꽃,부산나들이,부산데이트코스,걷기길,중앙공원
황령산 전망쉼터,부산여행,부산가볼만한곳,부산여행코스,남구명소,부산명소,부산관광코스,부산야경,황령산전망쉼터,황령산,부산드라이브코스,황령산봉수대,황령산전망대,부산데이트코스,황령산벚꽃,뷰포인트,연인과함께,가족여행
F1963,부산여행,부산가볼만한곳,유니크베뉴,이색여행,추천여행,부산모임장소,복합문화공간,부산MICE,부산명소,F1963,포토스폿,친구와함께,연인과함께,아이와함께
해운대,부산여행,부산가볼만한곳,부산명소,공원,수목원,해운대수목원,경치좋은곳,산책로,산책하기좋은곳,자연여행,힐링,당일여행,감성사진,포토스폿,핫플레이스,피크닉,부산데이트코스,가족여행,부모님과함께,친구와함께,연인과함께,아이와함께,혼자가는여행,사계절,이달의부산여행,9월부산여행
광안리 해수욕장,부산여행,바다,광안리,해수욕장,수변공원,야경,광안대교,해양스포츠,바나나보트,서핑,패들보드,카페,회센터,포토스폿,가족여행,광안리해수욕장,아이와함께,여름휴가,연인과함께#자연,친구와함께,수제맥주,바다여행
금정산,부산여행,사찰,절,전통,금정산,범어사,일주문,대웅전,석탑,계곡,산책,단풍,등산,관광,추천여행,역사여행,산책하기좋은곳,부모님과함께,가족여행,혼자가는여행
금강공원,부산여행,자연,공원,금강공원,금강식물원,부산공원,케이블카,부산민속예술관,부산해양자연사박물관,소풍,산책,힐링,아이와함께,연인과함께,가족여행
범어사,부산여행,사찰,절,전통,금정산,범어사,일주문,대웅전,석탑,계곡,산책,단풍,등산,관광,추천여행,역사여행,산책하기좋은곳,부모님과함께,가족여행,혼자가는여행
동래읍성,부산여행,역사여행,#나들이,산책하기좋은곳,가족여행,연인과함께,친구와함께,단풍투어,북문,인생문,동장대,서장대,북장대,부산가볼만한곳,추천여행
상해거리,부산여행,부산가볼만한곳,초량동,상해거리,차이나타운,텍사스거리,맛집,부산당일코스추천,부산테마여행,추천여행,나들이,가족여행
이중섭문화거리,부산여행,테마거리,이중섭문화거리,근현대사,역사여행,원도심투어,걷기여행,부산가볼만한곳
복천박물관,부산여행,박물관,전시관,역사여행,복천박물관,복천동고분군,아이와함께,산책하기좋은곳,부산가볼만한곳
벡스코,부산여행,미술관,부산시립미술관,실내여행지,문화시설,전시관
영화의 전당,부산여행,영화관,복합문화공간,영화의전당,부산국제영화제,이색체험,부산가볼만한곳,핫플레이스,친구와함께,연인과함께
장안사,부산여행,장안사,기장,사찰,절,전통,불광산,장안사계곡,대웅전,국화축제,단풍투어,가을여행,힐링,부산계곡추천,가족여행,산책,트레킹
백양산,자연,산,백양산,어린이대공원,산악자전거,등산,산책,취미,관광,휴가,추천산,추천여행,부산여행,자연여행,트레킹,경치좋은곳,힐링,뷰포인트,포토스폿,지질공원,지질명소,부산국가지질공원,유네스코세계지질공원
성지곡수원지,자연,산,백양산,어린이대공원,산악자전거,등산,산책,취미,관광,휴가,추천산,추천여행,부산여행,자연여행,트레킹,경치좋은곳,힐링,뷰포인트,포토스폿,지질공원,지질명소,부산국가지질공원,유네스코세계지질공원
장산,부산여행,부산바다,바다풍경,힐링,추천여행,부산데이트코스,가족과함께,친구와함께,청사포,미포,철길,어촌,등대,카페,벽화,벽화마을,포토스폿,바다여행
석불사,부산여행,부산사찰,석불사,절,부산가볼만한곳,힐링,숲속여행,병풍암,석불,부산경치,산책,트레킹,만덕석불사,범어사,추천여행,가족여행,이색체험,뷰포인트
회동수원지,자연,부산명소,부산가볼만한곳,갈맷길코스,상현마을,부엉산,오륜대전망대,걷기좋은길,회동수원지,부산당일코스추천,트레킹,산책,힐링,숲길,수원지,가족여행,혼자가는여행,연인과함께,아이와함께,추천여행
동래향교,부산여행,부산가볼만한곳,향교,동래향교,기장향교,유교,공자,은행나무,가을여행,산책,역사여행,문화재,추천여행,아이와함께,가족여행
가덕도 연대봉,가덕도,연대봉,등산,바다,섬,거가대교,산,거제도,봉수대,부산등산,부산트래킹,가족여행,부산가볼만한곳,부산당일코스,뷰포인트,포토스폿
승학산 억새평원,자연,산,가을여행,전망좋은곳,등산,트레킹,승학산,억새,억새평원,부산억새,하단,낙동강,을숙도,가을감성,가을등산,가을트레킹,승학산억새,부산등산,뷰포인트,포토스폿
대룡마을,부산,장안읍,오리,대룡마을,복합문화공간,예술인창작촌,갤러리,전설,방앗간,도서관,담장,산책,주말,추천여행,부산여행,부산데이트코스,무인카페,산책하기좋은곳
대신공원,부산여행,공원,대신공원,구덕저수지,산책하기좋은곳,힐링,숲속여행,피크닉,소풍
화명수목원,부산여행,자연,산,수목원,화명수목원,산책하기좋은곳,힐링,소풍,피크닉,친구와함께,연인과함께,아이와함께,부모님과함께
선암사,자연,산,백양산,어린이대공원,산악자전거,등산,산책,취미,관광,휴가,추천산,추천여행,부산여행,자연여행,트레킹,경치좋은곳,힐링,뷰포인트,포토스폿,지질공원,지질명소,부산국가지질공원,유네스코세계지질공원
운수사,부산여행,부산가볼만한곳,사찰,절,운수사,산책하기좋은곳,힐링,숲속여행
스포원파크,자연,공원,부산여행,부산가볼만한곳,스포원파크,피크닉,나들이,산책,조깅,자전거여행,수변공원,레포츠체험,아이와함께,가족여행
우암동 소막마을,부산여행,부산이색여행,근현대사,역사여행,우암동소막마을,원도심투어,부산가볼만한곳,역사문화재,테마거리,부모님과함께,친구와함께,아이와함께,혼자가는여행,가족여행,부산음식,부산맛집,이달의부산여행,7월부산여행
충렬사,부산여행,가족여행,기념관,전통,문화유적지,체험학습,역사여행,부산충렬사,산책,아이와함께,친구와함께
부산커피박물관,부산여행,부산가볼만한곳,전포카페거리,박물관,부산커피박물관,부산데이트코스,친구와함께,추천여행
사상생활사박물관,부산여행,박물관,사상생활사박물관,아이와함께,가족여행,친구와함께,부산가볼만한곳,역사여행
사직야구장,부산여행,야구,사직야구장,롯데자이언츠,부산갈매기,응원,먹거리,볼거리,프로야구,스포츠,신문지응원,봉다리응원,이색체험,아이와함께,연인과함께,친구와함께
기장 도예 관광 힐링촌 테마숲,부산여행,부산가볼만한곳,자연,힐링,산책로,숲길,피크닉,산책하기좋은곳,이달의부산여행,6월부산여행,경치좋은곳,숲속여행,가족여행,아이와함께,반려견과함께,포토스폿,기장,안데르센극장,동화의숲
송도용궁구름다리,부산여행,부산가볼만한곳,전망좋은곳,산책하기좋은곳,힐링,핫플레이스,부산명소,해안절경,자연,바다,산책로,부모님과함께,친구와함께,송도해수욕장,송도용궁구름다리,암남공원,이달의부산여행,7월부산여행,지질공원,지질명소,부산국가지질공원,유네스코세계지질공원
정승빈작가,부산여행,부산가볼만한곳,아미동,비석문화마을,일제강점기,한국전쟁,추억,걷기여행,피난민,역사여행,가족여행,아이와함께,아미동비석문화마을,이달의부산여행,8월부산여행
부산치유의 숲,부산여행,부산가볼만한곳,전망좋은곳,경치좋은곳,산책하기좋은돗,숲속여행,산,도보여행,숲길,등산,힐링,부모님과함께,친구와함께,혼자가는여행,아이와함께,여름여행,부산치유의숲,이달의부산여행,7월부산여행
정승빈작가,부산여행,부산가볼만한곳,아미동,비석문화마을,일제강점기,한국전쟁,추억,걷기여행,피난민,역사여행,가족여행,아이와함께,아미동비석문화마을,이달의부산여행,8월부산여행
턴투워드부산,부산여행,부산가볼만한곳,부산명소,근현대사,기념관,전시관,테마여행,부모님과함께,친구와함께,연인과함께,아이와함께,혼자가는여행,가족여행,역사여행,역사문화체험,부산이색여행,부산도심투어,산책로,유엔기념공원,유엔평화기념관,평화공원,유엔조각공원,이달의부산여행,11월부산여행
기장 달음산 자연휴양림,부산여행,부산이색여행,부산가볼만한곳,산책하기좋은곳,힐링,친구와함께,아이와함께,가족여행,이색체험,자연,산,산책로,숲길,트레킹,당일여행,1박2일,부산명소,등산,경치좋은곳,자연여행,연인과함께,사계절,이달의부산여행,12월부산여행
부산도서관,부산여행,부산가볼만한곳,부산명소,실내여행지,복합문화공간,도서관,혼자가는여행,친구와함께,아이와함께,연인과함께,사계절,부산도서관,이달의부산여행,12월부산여행
해운대수목원 ,부산여행,부산가볼만한곳,부산명소,공원,수목원,해운대수목원,경치좋은곳,산책로,산책하기좋은곳,자연여행,힐링,당일여행,감성사진,포토스폿,핫플레이스,피크닉,부산데이트코스,가족여행,부모님과함께,친구와함께,연인과함께,아이와함께,혼자가는여행,사계절,이달의부산여행,9월부산여행
캐니베 드 쁘아송,부산여행,부산이색여행,부산명소,부산가볼만한곳,부산데이트코스,핫플레이스,당일여행,인증샷,사계절,감성사진,전시관,캐비네드쁘아송,데이트코스,실내여행지,이색체험,산책로,바다풍경,경치좋은곳,산책하기좋은곳,포토스폿,친구와함께,연인과함께,아이와함께,가족여행,이달의부산여행,11월부산여행,갤러리
영도 봉산마을,부산여행,부산명소,부산이색여행,부산가볼만한곳,문화여행,역사여행,도시재생마을,봉산마을,이색체험,걷기여행,원도심투어,골목투어,도심풍경,바다풍경,사계절,당일여행,나홀로여행,뚜벅이여행,걷기길,포토스폿,인증샷,친구와함께,연인과함께,가족여행,이달의부산여행,11월부산여행
